material_number,customer_description,manufacturer,confidence,cand1_code,cand1_score,cand1_desc,cand2_code,cand2_score,cand2_desc,cand3_code,cand3_score,cand3_desc,cand4_code,cand4_score,cand4_desc,cand5_code,cand5_score,cand5_desc
10052631,"BAG,SCAFFOLD,100KG",Sparrows Services Australia Pty Ltd,low,WL-100-C-250M,43.2,Sisal Rope,WL-120-C-250M,37.8,Sisal Rope,WL-140-C-250M,37.8,Sisal Rope,WL-160-C-250M,37.8,Sisal Rope,WL-180-C-250M,37.8,Sisal Rope
10052652,"HOIST,LIFT,LEVER,0.8T,C/W O/L LIMITER",KITO ARMATUREN / VITAL INDUSTRIES,medium,WRB-0050-M10-CP-RLP,66.8,Learn More,WEB-0030-M08-R-VRSF,65.3,VRBS Weld-on Eye Plate,WEB-0040-M10-R-VRSF,64.8,VRBS Weld-on Eye Plate,WRB-0063-M08-CP-VLBGP,64.8,VRBS Weld-on Eye Plate,WRB-0090-M10-CP-VLBGP,64.8,VRBS Weld-on Eye Plate
10052653,"HOIST,LIFT,LEVER,1.6T,C/W O/L LIMITER",KITO ARMATUREN / VITAL INDUSTRIES,medium,WRL-0160-FW-T-DPLP,67.4,Weld-on Pad Eyes - DPLP,WEN-200-M-250P-S,64.7,Eyenuts - Metric - Grade 4,WRB-0180-M16-LB-DLP,64.7,Learn More,WEB-200-M-250P-S-WLL,64.2,Eyebolts - Metric - Grade 4,WEB-190-B-S-WLL,63.2,Eyebolts - Imperial - Grade 4
10052654,"HOIST,LIFT,LEVER,3.2T,C/W O/L LIMITER",KITO ARMATUREN / VITAL INDUSTRIES,medium,WMAL-100-G-SKO,69.0,Master Link SKO - Open,WMAL-100-G-SKG,67.5,Master Link SKG - Closed,WTB-T-200-EE-G-GDES,62.8,,WTB-T-200-JE-G-GDES,62.8,,WTB-T-200-JJ-G-GDES,62.8,
10052660,"DRUM,LIFTER,WEBBING RATCHET",SPANSET,low,WLDB-100-R-GH-G100,53.3,Load Binders - Ratchet,WLDB-130-R-GH-G100,53.3,Load Binders - Ratchet,WMAG-092-0100-BV,52.5,Magnetic Lifters,WMAG-166-0300-BV,52.5,Magnetic Lifters,WMAG-228-0600-BV,52.5,Magnetic Lifters
10052663,"BLOCK,SNATCH,8T,200MM",CROSBY VALVES,high,WSNB-08T-275-S-BS-BV,90.7,Snatch Block with Shackle Head,WSNB-0640-203-WR-SB-C,75.3,Snatch Blocks,WSNB-02T-115-S-BS-BV,72.7,Snatch Block with Shackle Head,WSNB-04T-210-S-BS-BV,72.7,Snatch Block with Shackle Head,WSNB-06T-275-S-BS-BV,72.7,Snatch Block with Shackle Head
10052664,"BLOCK,SNATCH,4T,4.5IN",CROSBY VALVES,high,WSNB-04T-210-S-BS-BV,98.0,Snatch Block with Shackle Head,WSNB-0320-114-WR-SB-C,73.2,Snatch Blocks,WSNB-02T-115-S-BS-BV,72.7,Snatch Block with Shackle Head,WSNB-06T-275-S-BS-BV,72.7,Snatch Block with Shackle Head,WSNB-08T-275-S-BS-BV,72.7,Snatch Block with Shackle Head
10052665,"BLOCK,SNATCH,8T,6IN",CROSBY VALVES,high,WSNB-08T-275-S-BS-BV,95.4,Snatch Block with Shackle Head,WSNB-02T-115-S-BS-BV,77.4,Snatch Block with Shackle Head,WSNB-04T-210-S-BS-BV,77.4,Snatch Block with Shackle Head,WSNB-06T-275-S-BS-BV,77.4,Snatch Block with Shackle Head,WSNB-10T-250-S-BS-BV,77.4,Snatch Block with Shackle Head
10052667,"SLING,CHAIN,2 LEGGED,10MM,5.5T X 2M",GUNNEBO,high,WMAL-10/08-G-MFX,87.5,Master Links - Type MFX,WCUP-RS-130-G-SKR,82.2,Round Sling Connector SKR,WSLH-CP-130-G-SKN,82.2,Sling Hook SKN - Grade 80,WBBS-130-G-SKLIASSY,77.5,Swivel Assembly - Grade 80,WHFL-130-G-SKT,77.0,Half Link SKT - Grade 80
10052668,"SLING,CHAIN,2 LEGGED,10MM,5.5T X 5M",GUNNEBO,high,WMAL-10/08-G-MFX,87.5,Master Links - Type MFX,WCUP-RS-130-G-SKR,82.2,Round Sling Connector SKR,WSLH-CP-130-G-SKN,82.2,Sling Hook SKN - Grade 80,WBBS-130-G-SKLIASSY,77.5,Swivel Assembly - Grade 80,WHFL-130-G-SKT,77.0,Half Link SKT - Grade 80
10052669,"SLING,CHAIN,4 LEGGED,10MM,5.5T X 6M",GUNNEBO,high,WCUP-RS-130-G-SKR,88.0,Round Sling Connector SKR,WSLH-CP-130-G-SKN,88.0,Sling Hook SKN - Grade 80,WMAL-10/08-G-MFX,85.5,Master Links - Type MFX,WBBS-130-G-SKLIASSY,79.5,Swivel Assembly - Grade 80,WHFL-130-G-SKT,77.0,Half Link SKT - Grade 80
10052671,"RING,LIFTING,13MM,GR80,MULTI OB LINK",PWB ANCHOR,medium,WMAL-9T-C-A1343,66.8,Lifting Chain & Fittings,WVSC-130-IMVK,66.0,Multi Shortening Claw - IMVK - ICE 120,WMAL-15T-C-A1346,66.0,Lifting Chain & Fittings,WCS-13-4-020-BVE,65.6,,WCS-13-4-030-BVE,65.6,
10052674,"LOAD RING,0.3T,C/W M8 BOLT",RUD,medium,WRSL-003-M08-WBGV-12,79.4,VWBG-V Swivel Lifting Ring,WRL-0080-NS-R-ABA,76.7,W-ABA Weld-on Load Ring,WRL-0500-NS-R-ABA,76.7,W-ABA Weld-on Load Ring,WRL-0100-NS-R-GABA,69.5,G-ABA Weld-on Load Ring for Galvanising,WRL-0160-NS-R-ABA,69.5,W-ABA Weld-on Load Ring
10052675,"LOAD RING,0.63T,C/W M10 BOLT",RUD,high,WRL-0080-NS-R-ABA,91.4,W-ABA Weld-on Load Ring,WRSL-004-M10-WBGV-45,80.6,VWBG-V Swivel Lifting Ring,WRL-0500-NS-R-ABA,73.4,W-ABA Weld-on Load Ring,WRSL-006-M12-WBGV-21,70.4,VWBG-V Swivel Lifting Ring,WRB-0050-M10-CP-RLP,67.3,Learn More
10052676,"LOAD RING,1T,C/W M12 BOLT",RUD,high,WRL-0080-NS-R-ABA,89.1,W-ABA Weld-on Load Ring,WRL-0100-NS-R-GABA,80.9,G-ABA Weld-on Load Ring for Galvanising,WRL-0160-NS-R-ABA,71.1,W-ABA Weld-on Load Ring,WRL-0320-NS-R-ABA,71.1,W-ABA Weld-on Load Ring,WRL-0500-NS-R-ABA,71.1,W-ABA Weld-on Load Ring
10052678,"LOAD RING,2.5T,C/W M20 BOLT",RUD,high,WRL-0250-NS-R-GABA,85.9,G-ABA Weld-on Load Ring for Galvanising,WRL-0250-NS-R-VLBS,85.9,VLBS Weld-on Load Ring,WRL-0320-NS-R-ABA,75.0,W-ABA Weld-on Load Ring,WMAL-060-R-IAKRG4,69.3,,WRL-0080-NS-R-ABA,67.9,W-ABA Weld-on Load Ring
10052679,"LOAD RING,4T,C/W M24 BOLT",RUD / EXO INTERNATIONAL,high,WRL-0400-NS-R-GABA,80.9,G-ABA Weld-on Load Ring for Galvanising,WRL-0400-NS-R-VLBS,80.9,VLBS Weld-on Load Ring,WRL-0080-NS-R-ABA,71.1,W-ABA Weld-on Load Ring,WRL-0160-NS-R-ABA,71.1,W-ABA Weld-on Load Ring,WRL-0320-NS-R-ABA,71.1,W-ABA Weld-on Load Ring
10052680,"EYEBOLT,VRS-M16,1500KG,STARPOINT",RUD,medium,WEN-0150-M16-VRM,67.8,VRM Starpoint Eye Nut - Metric Coarse Thread,WEN-0010-M6-VRM,53.9,VRM Starpoint Eye Nut - Metric Coarse Thread,WEN-0030-M8-VRM,53.9,VRM Starpoint Eye Nut - Metric Coarse Thread,WEN-0040-M10-VRM,53.9,VRM Starpoint Eye Nut - Metric Coarse Thread,WEN-0075-M12-VRM,53.9,VRM Starpoint Eye Nut - Metric Coarse Thread
10052682,"LOAD RING,1T,1/2IN UNC BOLT",RUD,high,WRL-0100-NS-R-GABA,85.9,G-ABA Weld-on Load Ring for Galvanising,WRL-0080-NS-R-ABA,78.0,W-ABA Weld-on Load Ring,WCIC-040R,69.8,Chain - ICE 120,WTB-T-127-JJ-G-12INT,68.0,Turnbuckles,WRL-0150-NS-R-VLBS,67.9,VLBS Weld-on Load Ring
10052683,"LOAD RING,1.5T,5/8IN UNC BOLT",RUD,high,WRL-0150-NS-R-VLBS,89.9,VLBS Weld-on Load Ring,WRL-0160-NS-R-ABA,83.0,W-ABA Weld-on Load Ring,WTB-T-158-JJ-G-12INT,68.0,Turnbuckles,WMAL-040-R-IML,67.0,4mm MINI Range - ICE 120,WRSL-013-M16-WBGV-30,65.2,VWBG-V Swivel Lifting Ring
10052684,"LOAD RING,2.5T,3/4IN UNC BOLT",RUD,high,WRL-0250-NS-R-GABA,83.0,G-ABA Weld-on Load Ring for Galvanising,WRL-0250-NS-R-VLBS,83.0,VLBS Weld-on Load Ring,WMAL-060-R-IAKRG4,77.2,,WRL-0320-NS-R-ABA,71.9,W-ABA Weld-on Load Ring,WMAL-060-R-IAKRG2,69.4,Safety Heat Indicator
10052685,"LOAD RING,2.5T,7/8IN UNC BOLT",RUD,high,WRL-0250-NS-R-GABA,83.0,G-ABA Weld-on Load Ring for Galvanising,WRL-0250-NS-R-VLBS,83.0,VLBS Weld-on Load Ring,WMAL-060-R-IAKRG4,77.2,,WMAL-060-R-IAKRG2,69.4,Safety Heat Indicator,WRL-0250-NS-T-BUL,68.0,Weld-on Load Rings - Grade 100
10052686,"LOAD RING,4T,1IN UNC BOLT",RUD,high,WRL-0400-NS-R-GABA,80.9,G-ABA Weld-on Load Ring for Galvanising,WRL-0400-NS-R-VLBS,80.9,VLBS Weld-on Load Ring,WRS-040-010-E,65.1,Round Slings,WRS-040-015-E,65.1,Round Slings,WRS-040-020-E,65.1,Round Slings
10052687,"LOAD RING,5T,1-1/4IN UNC BOLT",RUD,medium,WRL-0500-NS-R-ABA,78.0,W-ABA Weld-on Load Ring,WMAL-080-R-IAKRG4,73.9,,WCIC-100R,69.2,Chain - ICE 120,WRL-0100-NS-R-GABA,67.9,G-ABA Weld-on Load Ring for Galvanising,WRL-0150-NS-R-VLBS,67.9,VLBS Weld-on Load Ring
10052688,"SHACKLE,BOW,10MM X 1T,SCREW PIN",Sparrows Services Australia Pty Ltd / VAN BEEST,medium,WSS-0010-SA-B-GP,74.3,Screw Dee Shackles - Grade M,WSS-0010-SC-B,65.6,Screw Bow Shackles - Alloy Grade S - Galvanised,WRS-010-005-E,63.6,Round Slings,WRS-010-007-E,63.6,Round Slings,WRS-010-010-E,63.6,Round Slings
10052689,"SHACKLE,BOW,13.5MM X 2T,SCREW PIN",VAN BEEST / Sparrows Services Australia Pty Ltd / SAFESPEAR PTY LTD,medium,WSS-0020-SA-B-GP,75.3,Screw Dee Shackles - Grade M,WSS-0020-SC-B,64.7,Screw Bow Shackles - Alloy Grade S - Galvanised,WSS-0135-SA-B-GP,63.3,Screw Dee Shackles - Grade M,WSNB-02T-115-S-BS-BV,62.9,Snatch Block with Shackle Head,S1523034,62.2,Spreader Beams
10052690,"SHACKLE,BOW,16MM X 3.25T,SCREW PIN",Sparrows Services Australia Pty Ltd / SAFESPEAR PTY LTD / VAN BEEST,medium,WSS-0032-SA-B-GP,76.9,Screw Dee Shackles - Grade M,WSS-0032-SC-B,66.9,Screw Bow Shackles - Alloy Grade S - Galvanised,WTB-T-222-JJ-G-12INT,62.2,Turnbuckles,WMAL-060-R-IAKRG4,60.9,,WSS-0032-SC-D,60.6,Screw Dee Shackles - Alloy Grade S - Galvanised
10052691,"SHACKLE,BOW,19MM X 4.75T,SCREW PIN",SAFESPEAR PTY LTD / Sparrows Services Australia Pty Ltd / VAN BEEST,medium,WSS-0047-SA-B-GP,76.9,Screw Dee Shackles - Grade M,WSS-0047-SC-B,66.9,Screw Bow Shackles - Alloy Grade S - Galvanised,WTB-T-254-JJ-G-12INT,63.2,Turnbuckles,WSS-0047-SC-D,60.6,Screw Dee Shackles - Alloy Grade S - Galvanised,WSS-0047-SA-B,60.2,Safety Bow Shackles - Alloy Grade S - Galvanised
10052692,"SHACKLE,BOW,22MM X 6.5T,SCREW PIN",SAFESPEAR PTY LTD / Sparrows Services Australia Pty Ltd / VAN BEEST,medium,WSS-0065-SA-B-GP,78.0,Screw Dee Shackles - Grade M,WSS-0065-SC-B,68.0,Screw Bow Shackles - Alloy Grade S - Galvanised,WSS-0065-SC-D,61.0,Screw Dee Shackles - Alloy Grade S - Galvanised,WG60-WOX-160,60.7,Chain - INOX Stainless Steel - Grade 60,WSS-0065-SA-B,60.6,Safety Bow Shackles - Alloy Grade S - Galvanised
10052693,"SHACKLE,BOW,25MM X 8.5T,SCREW PIN",SAFESPEAR PTY LTD / Sparrows Services Australia Pty Ltd / VAN BEEST,medium,WSS-0085-SA-B-GP,78.0,Screw Dee Shackles - Grade M,WSS-0085-SC-B,68.5,Screw Bow Shackles - Alloy Grade S - Galvanised,WSS-0085-SA-B,62.4,Safety Bow Shackles - Alloy Grade S - Galvanised,WSS-0085-SC-D,61.0,Screw Dee Shackles - Alloy Grade S - Galvanised,WG60-AWI-260,60.0,Master Link - INOX Stainless Steel - Grade 60
10052694,"SHACKLE,BOW,29MM X 9.5T,SCREW PIN",VAN BEEST,medium,WSS-0095-SA-B-GP,78.0,Screw Dee Shackles - Grade M,WSS-0095-SC-B,68.0,Screw Bow Shackles - Alloy Grade S - Galvanised,WSS-0095-SC-D,61.0,Screw Dee Shackles - Alloy Grade S - Galvanised,WSS-0095-SA-B,60.6,Safety Bow Shackles - Alloy Grade S - Galvanised,WSS-0120-SA-B-GP,55.9,Screw Dee Shackles - Grade M
10052695,"SHACKLE,BOW,44MM X 17T,SCREW PIN",VAN BEEST,medium,WSS-0170-SA-B-GP,76.1,Screw Dee Shackles - Grade M,WSS-0170-SC-B,65.6,Screw Bow Shackles - Alloy Grade S - Galvanised,WSS-0170-SC-D,59.9,Screw Dee Shackles - Alloy Grade S - Galvanised,WSS-0170-SA-B,59.5,Safety Bow Shackles - Alloy Grade S - Galvanised,WSS-0120-SA-B-GP,56.3,Screw Dee Shackles - Grade M
10052697,"SHACKLE,BOW,13.5MM X 2T,SAFETY BOLT",Sparrows Services Australia Pty Ltd / SAFESPEAR PTY LTD / VAN BEEST,medium,WSS-0020-SA-B-GP,65.5,Screw Dee Shackles - Grade M,WSS-0020-SA-B,65.3,Safety Bow Shackles - Alloy Grade S - Galvanised,S1538011,62.4,Pallet Lifting Fork,WSNB-02T-115-S-BS-BV,62.0,Snatch Block with Shackle Head,WSS-0020-SC-B,60.2,Screw Bow Shackles - Alloy Grade S - Galvanised
10052698,"SHACKLE,BOW,16MM X 3.25T,SAFETY BOLT",SAFESPEAR PTY LTD / VAN BEEST / Sparrows Services Australia Pty Ltd,medium,WSS-0032-SA-B,68.0,Safety Bow Shackles - Alloy Grade S - Galvanised,WSS-0032-SA-B-GP,66.6,Screw Dee Shackles - Grade M,WMAL-060-R-IAKRG2,64.8,Safety Heat Indicator,WSS-0032-SC-B,59.8,Screw Bow Shackles - Alloy Grade S - Galvanised,WSS-0032-SA-D,59.4,Safety Dee Shackles - Alloy Grade S - Galvanised
10052699,"SHACKLE,BOW,19MM X 4.75T,SAFETY BOLT",VAN BEEST / SAFESPEAR PTY LTD / Sparrows Services Australia Pty Ltd,medium,WSS-0047-SA-B,68.0,Safety Bow Shackles - Alloy Grade S - Galvanised,WSS-0047-SA-B-GP,66.6,Screw Dee Shackles - Grade M,WTB-T-254-JJ-G-12INT,59.9,Turnbuckles,WSS-0047-SC-B,59.8,Screw Bow Shackles - Alloy Grade S - Galvanised,WSS-0047-SA-D,59.4,Safety Dee Shackles - Alloy Grade S - Galvanised
10052700,"SHACKLE,BOW,22MM X 6.5T,SAFETY BOLT",VAN BEEST / SAFESPEAR PTY LTD / Sparrows Services Australia Pty Ltd,medium,WSS-0065-SA-B,69.1,Safety Bow Shackles - Alloy Grade S - Galvanised,WSS-0065-SA-B-GP,65.5,Screw Dee Shackles - Grade M,WSS-0065-SC-B,60.2,Screw Bow Shackles - Alloy Grade S - Galvanised,WSS-0065-SA-D,59.8,Safety Dee Shackles - Alloy Grade S - Galvanised,WSS-0065-SC-D,54.7,Screw Dee Shackles - Alloy Grade S - Galvanised
10052701,"SHACKLE,BOW,25MM X 8.5T,SAFETY BOLT",VAN BEEST / Sparrows Services Australia Pty Ltd,medium,WSS-0085-SA-B,69.1,Safety Bow Shackles - Alloy Grade S - Galvanised,WSS-0085-SA-B-GP,67.3,Screw Dee Shackles - Grade M,WSS-0085-SC-B,62.0,Screw Bow Shackles - Alloy Grade S - Galvanised,WSS-0085-SA-D,61.6,Safety Dee Shackles - Alloy Grade S - Galvanised,WMAL-100-R-IAKRG2,59.3,Safety Heat Indicator
10052702,"SHACKLE,BOW,32MM X 12T,SAFETY BOLT",VAN BEEST / Sparrows Services Australia Pty Ltd / SAFESPEAR PTY LTD,medium,WSS-0120-SA-B-GP,66.2,Screw Dee Shackles - Grade M,WSS-0120-SA-B,66.1,Safety Bow Shackles - Alloy Grade S - Galvanised,WSNB-12T-395-S-BS-BV,64.9,Snatch Block with Shackle Head,WSS-0120-SC-B,61.0,Screw Bow Shackles - Alloy Grade S - Galvanised,WSS-0120-SA-D,60.6,Safety Dee Shackles - Alloy Grade S - Galvanised
10052703,"SHACKLE,BOW,35MM X 13.5T,SAFETY BOLT",VAN BEEST / SAFESPEAR PTY LTD / Sparrows Services Australia Pty Ltd,medium,WSS-0135-SA-B,71.1,Safety Bow Shackles - Alloy Grade S - Galvanised,WSS-0135-SA-B-GP,68.4,Screw Dee Shackles - Grade M,WSS-0135-SC-B,63.0,Screw Bow Shackles - Alloy Grade S - Galvanised,WSS-0135-SA-D,62.6,Safety Dee Shackles - Alloy Grade S - Galvanised,WMAL-130-R-IAKRG2,60.6,Safety Heat Indicator
10052704,"SHACKLE,BOW,38MM X 17T,SAFETY BOLT",SAFESPEAR PTY LTD / Sparrows Services Australia Pty Ltd / VAN BEEST,medium,WSS-0170-SA-B-GP,66.2,Screw Dee Shackles - Grade M,WSS-0170-SA-B,66.1,Safety Bow Shackles - Alloy Grade S - Galvanised,WSS-0170-SC-B,61.0,Screw Bow Shackles - Alloy Grade S - Galvanised,WSS-0170-SA-D,60.6,Safety Dee Shackles - Alloy Grade S - Galvanised,WMAL-160-R-IAKRG2,58.9,Safety Heat Indicator
10052709,"SLING,WIRE ROPE,1.8T X 2M",ANDROMEDA,medium,WTB-T-158-JJ-G-12INT,70.6,Turnbuckles,WRS-020-005-E,69.0,Round Slings,WRS-020-007-E,69.0,Round Slings,WRS-020-010-E,69.0,Round Slings,WRS-020-015-E,69.0,Round Slings
10052710,"SLING,WIRE ROPE,1.8T X 3M",ANDROMEDA,medium,WTB-T-158-JJ-G-12INT,68.0,Turnbuckles,W0130NBDA,67.9,"Wire Rope, Strand & Fittings",W0130NBDC,67.9,"Wire Rope, Strand & Fittings",W0130NI3A,67.9,"Wire Rope, Strand & Fittings",WSFS-080-060,66.7,"Wire Rope, Strand & Fittings"
10052711,"SLING,WIRE ROPE,2.4T X 2M",ANDROMEDA,medium,WTB-T-190-JJ-G-12INT,69.9,Turnbuckles,W0220QSEB,67.9,"Wire Rope, Strand & Fittings",W0220NA3A,67.9,"Wire Rope, Strand & Fittings",W0220NA3C,67.9,"Wire Rope, Strand & Fittings",W0220NRDA,67.9,"Wire Rope, Strand & Fittings"
10052712,"SLING,WIRE ROPE,2.4T X 3M",ANDROMEDA,medium,WTB-T-190-JJ-G-12INT,69.9,Turnbuckles,W0230QSEB,67.9,"Wire Rope, Strand & Fittings",WTB-T-200-EE-G-GDEP,65.3,,WTB-T-200-JE-G-GDEP,65.3,,WTB-T-200-JJ-G-GDEP,65.3,
10052713,"SLING,WIRE ROPE,3T X 3M",ANDROMEDA,medium,WRS-030-005-E,71.1,Round Slings,WRS-030-010-E,71.1,Round Slings,WRS-030-015-E,71.1,Round Slings,WRS-030-020-E,71.1,Round Slings,WRS-030-025-E,71.1,Round Slings
10052714,"SLING,SYN,RD,1T X 1M,POLY,VIOLET",SLINGDR,medium,WRS-010-005-E,76.6,Round Slings,WRS-010-007-E,76.6,Round Slings,WRS-010-010-E,76.6,Round Slings,WRS-010-015-E,76.6,Round Slings,WRS-010-020-E,76.6,Round Slings
10052715,"SLING,SYN,RD,1T X 2M,POLY,VIOLET",SLINGDR,medium,WRS-010-005-E,73.2,Round Slings,WRS-010-007-E,73.2,Round Slings,WRS-010-010-E,73.2,Round Slings,WRS-010-015-E,73.2,Round Slings,WRS-010-020-E,73.2,Round Slings
10052716,"SLING,SYN,RD,1T X 3M",SLINGDR,medium,WRS-010-005-E,78.9,Round Slings,WRS-010-007-E,78.9,Round Slings,WRS-010-010-E,78.9,Round Slings,WRS-010-015-E,78.9,Round Slings,WRS-010-020-E,78.9,Round Slings
10052717,"SLING,SYN,RD,1T X 4M",SLINGDR,medium,WRS-010-005-E,78.9,Round Slings,WRS-010-007-E,78.9,Round Slings,WRS-010-010-E,78.9,Round Slings,WRS-010-015-E,78.9,Round Slings,WRS-010-020-E,78.9,Round Slings
10052718,"SLING,SYN,RD,1T X 6M",SLINGDR,medium,WRS-010-005-E,78.9,Round Slings,WRS-010-007-E,78.9,Round Slings,WRS-010-010-E,78.9,Round Slings,WRS-010-015-E,78.9,Round Slings,WRS-010-020-E,78.9,Round Slings
10052719,"SLING,SYN,RD,2T X 1M",SLINGDR,high,WRS-020-005-E,83.2,Round Slings,WRS-020-007-E,83.2,Round Slings,WRS-020-010-E,83.2,Round Slings,WRS-020-015-E,83.2,Round Slings,WRS-020-020-E,83.2,Round Slings
10052720,"SLING,SYN,RD,2T X 2M",SLINGDR,high,WRS-020-005-E,83.2,Round Slings,WRS-020-007-E,83.2,Round Slings,WRS-020-010-E,83.2,Round Slings,WRS-020-015-E,83.2,Round Slings,WRS-020-020-E,83.2,Round Slings
10052721,"SLING,SYN,RD,2T X 3M",SLINGDR,medium,WRS-020-005-E,78.9,Round Slings,WRS-020-007-E,78.9,Round Slings,WRS-020-010-E,78.9,Round Slings,WRS-020-015-E,78.9,Round Slings,WRS-020-020-E,78.9,Round Slings
10052722,"SLING,SYN,RD,2T X 4M",SLINGDR,medium,WRS-020-005-E,78.9,Round Slings,WRS-020-007-E,78.9,Round Slings,WRS-020-010-E,78.9,Round Slings,WRS-020-015-E,78.9,Round Slings,WRS-020-020-E,78.9,Round Slings
10052723,"SLING,SYN,RD,2T X 6M",SLINGDR,medium,WRS-020-005-E,78.9,Round Slings,WRS-020-007-E,78.9,Round Slings,WRS-020-010-E,78.9,Round Slings,WRS-020-015-E,78.9,Round Slings,WRS-020-020-E,78.9,Round Slings
10052724,"SLING,SYN,RD,3T X 1M,POLY,YLW",SLINGDR,medium,WRS-030-005-E,72.5,Round Slings,WRS-030-010-E,72.5,Round Slings,WRS-030-015-E,72.5,Round Slings,WRS-030-020-E,72.5,Round Slings,WRS-030-025-E,72.5,Round Slings
10052725,"SLING,SYN,RD,3T X 2M",SLINGDR,high,WRS-030-005-E,83.2,Round Slings,WRS-030-010-E,83.2,Round Slings,WRS-030-015-E,83.2,Round Slings,WRS-030-020-E,83.2,Round Slings,WRS-030-025-E,83.2,Round Slings
10052726,"SLING,SYN,RD,3T X 3M",SLINGDR,high,WRS-030-005-E,83.2,Round Slings,WRS-030-010-E,83.2,Round Slings,WRS-030-015-E,83.2,Round Slings,WRS-030-020-E,83.2,Round Slings,WRS-030-025-E,83.2,Round Slings
10052727,"SLING,SYN,RD,3T X 4M",SLINGDR,medium,WRS-030-005-E,78.9,Round Slings,WRS-030-010-E,78.9,Round Slings,WRS-030-015-E,78.9,Round Slings,WRS-030-020-E,78.9,Round Slings,WRS-030-025-E,78.9,Round Slings
10052728,"SLING,SYN,RD,3T X 6M",SLINGDR,medium,WRS-030-005-E,78.9,Round Slings,WRS-030-010-E,78.9,Round Slings,WRS-030-015-E,78.9,Round Slings,WRS-030-020-E,78.9,Round Slings,WRS-030-025-E,78.9,Round Slings
10052729,"SLING,SYN,RD,5T X 2M",SLINGDR,high,WRS-050-010-E,83.2,Round Slings,WRS-050-015-E,83.2,Round Slings,WRS-050-020-E,83.2,Round Slings,WRS-050-030-E,83.2,Round Slings,WRS-050-040-E,83.2,Round Slings
10052730,"SLING,SYN,RD,5T X 3M",SLINGDR,high,WRS-050-010-E,83.2,Round Slings,WRS-050-015-E,83.2,Round Slings,WRS-050-020-E,83.2,Round Slings,WRS-050-030-E,83.2,Round Slings,WRS-050-040-E,83.2,Round Slings
10052731,"SLING,SYN,RD,5T X 4M",SLINGDR,high,WRS-050-010-E,83.2,Round Slings,WRS-050-015-E,83.2,Round Slings,WRS-050-020-E,83.2,Round Slings,WRS-050-030-E,83.2,Round Slings,WRS-050-040-E,83.2,Round Slings
10052732,"SLING,SYN,RD,5T X 6M",SLINGDR,medium,WRS-050-010-E,78.9,Round Slings,WRS-050-015-E,78.9,Round Slings,WRS-050-020-E,78.9,Round Slings,WRS-050-030-E,78.9,Round Slings,WRS-050-040-E,78.9,Round Slings
10055206,"SLING,STINGER,WIRE ROPE,FPSO,26T,42MM,6M",PWB ANCHOR,medium,WSFS-035-030,72.5,Superflex Strops,WSSFX-065-020,65.9,Superflex Slings,WEB-720-M-600P-S-WLL,65.3,Eyebolts - Metric - Grade 4,WSSFX-040-020,63.6,Superflex Slings,WSSFX-050-020,63.6,Superflex Slings
10055210,"SLING,STINGER,WIRE ROPE,CPF,10T,32MM,7M",PWB ANCHOR,medium,WSSFX-025-010,79.9,Superflex Slings,WSSFX-080-020,75.6,"Wire Rope, Strand & Fittings",WSFS-080-060,72.8,"Wire Rope, Strand & Fittings",W0320NA3B,70.7,"Wire Rope, Strand & Fittings",W0320NA3D,70.7,"Wire Rope, Strand & Fittings"
10055211,"SLING,STINGER,WIRE ROPE,CPF,16T,36MM,7M",PWB ANCHOR,medium,W0360NA3A,70.7,"Wire Rope, Strand & Fittings",WEB-0700-M36-R-VRSF,70.2,VRBS Weld-on Eye Plate,WRSC-200-JE-L-G-T,68.0,Rigging Screws,WRSC-450-JJ-P-G-A,65.1,Lifting & Rigging Components,WRSC-480-JJ-S-G-A,65.1,Lifting & Rigging Components
10055213,"SLING,STINGER,WIRE ROPE,CPF,16T,36MM,3M",PWB ANCHOR,medium,W0360NA3A,70.7,"Wire Rope, Strand & Fittings",WEB-0700-M36-R-VRSF,70.2,VRBS Weld-on Eye Plate,WRSC-200-JE-L-G-T,68.0,Rigging Screws,WRSC-450-JJ-P-G-A,65.1,Lifting & Rigging Components,WRSC-480-JJ-S-G-A,65.1,Lifting & Rigging Components
10055215,"SLING,STINGER,WIRE ROPE,CPF,58T,64MM,6M",PWB ANCHOR,medium,WSFS-100-1000-TD,77.3,Dean-O Slings,WSFS-050-030,68.6,Superflex Strops,WCPS-028-040-C1-NC,64.2,Single Eye,WFWS-T1A-064-0600,63.7,Cradle Lift,WFWS-T1B-064-0400,63.7,Cradle Lift
10055217,"CAGE,LIFTING,GOODS,1T,C/W WIRE SLING",Sparrows Services Australia Pty Ltd,medium,WTB-T-120-EE-G-GDES,75.6,,WTB-T-120-JE-G-GDES,75.6,,WTB-T-120-JJ-G-GDES,75.6,,WRSC-120-EE-S-G-A,75.6,Lifting & Rigging Components,WRSC-120-JE-S-G-A,75.6,Lifting & Rigging Components
10056124,"EYEBOLT,VRS-F-M24,3200KG,STAR KEY",RUD,low,WEN-0320-M24-VRM,46.8,VRM Starpoint Eye Nut - Metric Coarse Thread,WCPS-120-150-C1-NC,46.8,Single Eye,WISH-060-ISH6,46.0,Clevis Sling Hook - ISH Star - ICE 120,WISH-080-ISH8,46.0,Clevis Sling Hook - ISH Star - ICE 120,WISH-100-ISH10,45.6,Clevis Sling Hook - ISH Star - ICE 120
10056659,"CHAIN BLOCK,PAC,CBL01X90P,1T,9M DROP",PACIFIC AUTOMATION,low,WG60-WOX-060,57.0,Chain - INOX Stainless Steel - Grade 60,WG60-VLWI-05/06,56.2,Chain Shortner - INOX Stainless Steel - Grade 60,WCGL-100G,56.0,Grade L Chain,WCIC-040R,54.8,Chain - ICE 120,WCON-A-04-12-R,54.0,4mm MINI Range - ICE 120
10056663,"CHAIN BLOCK,0.5T,3M,HOOK MOUNT",VITAL INDUSTRIES / KITO ARMATUREN / PACIFIC HOISTS / WILLIAM HACKETT LTD,low,S15370010A,60.0,Out Of Service Box,WG60-WOX-050,59.7,Chain - INOX Stainless Steel - Grade 60,WRB-0035-M08-LB-DLP,59.0,Learn More,WCGL-060G,58.5,Grade L Chain,WCGL-080G,58.0,Grade L Chain
10056665,"CHAIN BLOCK,1T,3M,HOOK MOUNT",VITAL INDUSTRIES / PACIFIC HOISTS / WILLIAM HACKETT LTD / KITO ARMATUREN,medium,WHSS-0080T-T,70.6,Swivel Hook - Ball Bearing - Eye Type,WCIC-040R,56.2,Chain - ICE 120,WG60-WOX-060,55.7,Chain - INOX Stainless Steel - Grade 60,WLIB-120-R-LT081301,55.6,Link Brackets - Grade 80,WRB-0100-M12-LB-DLP,55.0,Learn More
10056666,"CHAIN BLOCK,1T,6M,HOOK MOUNT",VITAL INDUSTRIES / PACIFIC HOISTS,medium,WHSS-0080T-T,70.6,Swivel Hook - Ball Bearing - Eye Type,WG60-WOX-060,58.6,Chain - INOX Stainless Steel - Grade 60,WG60-VLWI-05/06,57.5,Chain Shortner - INOX Stainless Steel - Grade 60,WCIC-040R,56.2,Chain - ICE 120,WLIB-120-R-LT081301,55.6,Link Brackets - Grade 80
10056668,"CHAIN BLOCK,2T,3M,HOOK MOUNT",VITAL INDUSTRIES / WILLIAM HACKETT LTD / KITO ARMATUREN / PACIFIC HOISTS,medium,WGRH-C-060-R-IVH-G120,70.6,Clevis Grab Hook - IVH - ICE 120,WLLH-C-060-R-IAGH,70.6,Clevis Self Locking Hook - IAGH - ICE 120,WISH-060-ISH6,70.6,Clevis Sling Hook - ISH Star - ICE 120,WSLH-CP-078-G-SKN,70.6,Sling Hook SKN - Grade 80,WSNB-02T-115-S-BS-BV,61.0,Snatch Block with Shackle Head
10056669,"CHAIN BLOCK,2T,6M,HOOK MOUNT",PACIFIC HOISTS / VITAL INDUSTRIES,medium,WGRH-C-060-R-IVH-G120,70.6,Clevis Grab Hook - IVH - ICE 120,WLLH-C-060-R-IAGH,70.6,Clevis Self Locking Hook - IAGH - ICE 120,WISH-060-ISH6,70.6,Clevis Sling Hook - ISH Star - ICE 120,WSLH-CP-078-G-SKN,70.6,Sling Hook SKN - Grade 80,WSNB-0160-076-WR-SB-C,63.3,Snatch Blocks
10056670,"CHAIN BLOCK,3T,3M,HOOK MOUNT",PACIFIC HOISTS / WILLIAM HACKETT LTD / VITAL INDUSTRIES,medium,WGRH-C-080-R-IVH-G120,70.6,Clevis Grab Hook - IVH - ICE 120,WLLH-C-080-R-IAGH,70.6,Clevis Self Locking Hook - IAGH - ICE 120,WISH-080-ISH8,70.6,Clevis Sling Hook - ISH Star - ICE 120,WCIC-080R,59.2,Chain - ICE 120,WMAL-060-R-IAKRG4,58.6,
10056671,"CHAIN BLOCK,3T,6M,HOOK MOUNT",PACIFIC HOISTS / VITAL INDUSTRIES,medium,WGRH-C-080-R-IVH-G120,70.6,Clevis Grab Hook - IVH - ICE 120,WLLH-C-080-R-IAGH,70.6,Clevis Self Locking Hook - IAGH - ICE 120,WISH-080-ISH8,70.6,Clevis Sling Hook - ISH Star - ICE 120,WMAL-060-R-IAKRG4,58.6,,WCIC-080R,56.2,Chain - ICE 120
10056673,"CHAIN BLOCK,5T,3M,HOOK MOUNT",PACIFIC HOISTS / WILLIAM HACKETT LTD / VITAL INDUSTRIES,medium,WGRH-C-100-R-IVH-G120,70.6,Clevis Grab Hook - IVH - ICE 120,WLLH-C-100-R-IAGH,70.6,Clevis Self Locking Hook - IAGH - ICE 120,WISH-100-ISH10,70.6,Clevis Sling Hook - ISH Star - ICE 120,WMAL-080-R-IAKRG4,59.9,,WCIC-100R,58.6,Chain - ICE 120
10056674,"CHAIN BLOCK,5T,6M,HOOK MOUNT",PACIFIC HOISTS / VITAL INDUSTRIES,medium,WGRH-C-100-R-IVH-G120,70.6,Clevis Grab Hook - IVH - ICE 120,WLLH-C-100-R-IAGH,70.6,Clevis Self Locking Hook - IAGH - ICE 120,WISH-100-ISH10,70.6,Clevis Sling Hook - ISH Star - ICE 120,WMAL-080-R-IAKRG4,56.7,,WCIC-100R,55.7,Chain - ICE 120
10056676,"EYEBOLT,VRS-F-3/8IN-16UNC,400KG,STAR KEY",RUD,low,WISH-080-ISH8,53.0,Clevis Sling Hook - ISH Star - ICE 120,WISH-060-ISH6,51.1,Clevis Sling Hook - ISH Star - ICE 120,WISH-130-ISH13,50.7,Clevis Sling Hook - ISH Star - ICE 120,WCIC-080R,50.0,Chain - ICE 120,WCUP-080-R-IVS,50.0,Connecting Link - IVS - ICE 120
10056678,"EYEBOLT,VRS-F-5/8IN-11UNC,1500KG,STARKEY",RUD,low,WMAL-100-R-IAKRG4,52.7,,WMAL-130-R-IAKRG4,52.1,,WMAL-100-R-IAKRG2,51.2,Safety Heat Indicator,WMAL-130-R-IAKRG2,50.8,Safety Heat Indicator,WCIC-060R,50.0,Chain - ICE 120
10056679,"EYEBOLT,VRS-F-3/4IN-10UNC,2300KG,STARKEY",RUD,low,WMAL-040-R-IML,50.9,4mm MINI Range - ICE 120,WCIC-080R,50.0,Chain - ICE 120,WCUP-080-R-IVS,50.0,Connecting Link - IVS - ICE 120,WCUP-100-R-IVS,49.6,Connecting Link - IVS - ICE 120,WCUP-130-R-IVS,49.6,Connecting Link - IVS - ICE 120
10056680,"EYEBOLT,VRS-F-7/8IN-9UNC,2300KG,STAR KEY",RUD,low,WISH-060-ISH6,53.0,Clevis Sling Hook - ISH Star - ICE 120,WISH-080-ISH8,53.0,Clevis Sling Hook - ISH Star - ICE 120,WISH-130-ISH13,52.6,Clevis Sling Hook - ISH Star - ICE 120,WISH-100-ISH10,50.7,Clevis Sling Hook - ISH Star - ICE 120,WISH-160-ISH16,50.4,Clevis Sling Hook - ISH Star - ICE 120
10056681,"EYEBOLT,VRS-F-1IN-8UNC,3200KG,STAR KEY",RUD,low,WISH-060-ISH6,51.9,Clevis Sling Hook - ISH Star - ICE 120,WISH-080-ISH8,50.0,Clevis Sling Hook - ISH Star - ICE 120,WISH-100-ISH10,49.6,Clevis Sling Hook - ISH Star - ICE 120,WISH-130-ISH13,49.6,Clevis Sling Hook - ISH Star - ICE 120,WISH-160-ISH16,49.3,Clevis Sling Hook - ISH Star - ICE 120
10056682,"EYEBOLT,VRSF-1-1/4IN-7UNC,4500KG,STARKEY",RUD,low,WMAL-040-R-IML,49.6,4mm MINI Range - ICE 120,WMAL-100-R-IAKRG1,48.7,Safety Heat Indicator,WMAL-080-R-IAKRG2,48.3,Safety Heat Indicator,WMAL-160-R-IAKRG1,48.3,Safety Heat Indicator,WMAL-100-R-IAKRG2,47.9,Safety Heat Indicator
10056683,"EYEBOLT,VRS-M10,400KG,STARPOINT",RUD,medium,WEN-0040-M10-VRM,69.1,VRM Starpoint Eye Nut - Metric Coarse Thread,WEN-0010-M6-VRM,55.0,VRM Starpoint Eye Nut - Metric Coarse Thread,WEN-0030-M8-VRM,55.0,VRM Starpoint Eye Nut - Metric Coarse Thread,WEN-0075-M12-VRM,55.0,VRM Starpoint Eye Nut - Metric Coarse Thread,WEN-0150-M16-VRM,55.0,VRM Starpoint Eye Nut - Metric Coarse Thread
10056684,"EYEBOLT,VRS-F-M12,750KG,STAR KEY",RUD,low,WEN-0075-M12-VRM,47.2,VRM Starpoint Eye Nut - Metric Coarse Thread,WRSL-006-M12-WBGV-21,46.0,VWBG-V Swivel Lifting Ring,WCPS-055-075-C1-NC,45.9,Single Eye,WCPS-075-095-C1-NC,45.9,Single Eye,WEB-0075-M12-R-VRSF,44.9,VRBS Weld-on Eye Plate
10056685,"EYEBOLT,VRS-M24,3200KG,STARPOINT",RUD,medium,WEN-0320-M24-VRM,67.8,VRM Starpoint Eye Nut - Metric Coarse Thread,WEN-0010-M6-VRM,53.9,VRM Starpoint Eye Nut - Metric Coarse Thread,WEN-0030-M8-VRM,53.9,VRM Starpoint Eye Nut - Metric Coarse Thread,WEN-0040-M10-VRM,53.9,VRM Starpoint Eye Nut - Metric Coarse Thread,WEN-0075-M12-VRM,53.9,VRM Starpoint Eye Nut - Metric Coarse Thread
10056687,"RING,RUD,VLBGM30,LOAD,5T,C/W M30 BOLT",RUD,high,WRL-0500-NS-R-ABA,85.7,W-ABA Weld-on Load Ring,WRSL-050-M30-WBGV-50,81.2,VWBG-V Swivel Lifting Ring,WMAL-080-R-IAKRG4,73.1,,WRL-0080-NS-R-ABA,67.7,W-ABA Weld-on Load Ring,WRL-0160-NS-R-ABA,67.7,W-ABA Weld-on Load Ring
10056688,"RING,RUD,VLBGM36,LOAD,8T,C/W M36 BOLT",RUD,medium,WRL-0080-NS-R-ABA,67.7,W-ABA Weld-on Load Ring,WRL-0160-NS-R-ABA,67.7,W-ABA Weld-on Load Ring,WRL-0320-NS-R-ABA,67.7,W-ABA Weld-on Load Ring,WRL-0500-NS-R-ABA,67.7,W-ABA Weld-on Load Ring,WRL-1000-NS-R-ABA,67.7,W-ABA Weld-on Load Ring
10056698,"HOIST,LIFT,LEVER,6.3T,C/W O/L LIMITER",KITO ARMATUREN / VITAL INDUSTRIES,medium,WRB-0600-M30-CP-RLP,66.8,Learn More,WEB-0230-M20-R-VRSF,64.8,VRBS Weld-on Eye Plate,WEN-360-M-400P-S,64.7,Eyenuts - Metric - Grade 4,WEB-360-M-400P-S-WLL,64.2,Eyebolts - Metric - Grade 4,WRSC-270-M-JJ-P-G,62.8,Lifting & Rigging Components
10056699,"SLING,SYN,RD,1T X 0.5M",SPANSET,high,WRS-010-005-E,84.7,Round Slings,WRS-010-007-E,84.7,Round Slings,WRS-010-010-E,84.7,Round Slings,WRS-010-015-E,84.7,Round Slings,WRS-010-020-E,84.7,Round Slings
10056700,"SLING,SYN,RD,2T X 0.5M",SPANSET,high,WRS-020-005-E,84.7,Round Slings,WRS-020-007-E,84.7,Round Slings,WRS-020-010-E,84.7,Round Slings,WRS-020-015-E,84.7,Round Slings,WRS-020-020-E,84.7,Round Slings
10056701,"SLING,SYN,RD,2T X 1.5M",SPANSET,high,WRS-020-005-E,80.5,Round Slings,WRS-020-007-E,80.5,Round Slings,WRS-020-010-E,80.5,Round Slings,WRS-020-015-E,80.5,Round Slings,WRS-020-020-E,80.5,Round Slings
10056702,"SLING,SYN,RD,2T X 2.5M",SPANSET,high,WRS-020-005-E,80.5,Round Slings,WRS-020-007-E,80.5,Round Slings,WRS-020-010-E,80.5,Round Slings,WRS-020-015-E,80.5,Round Slings,WRS-020-020-E,80.5,Round Slings
10056703,"SLING,SYN,RD,3T X 0.5M,POLY,YLW",SPANSET,medium,WRS-030-005-E,74.1,Round Slings,WRS-030-010-E,74.1,Round Slings,WRS-030-015-E,74.1,Round Slings,WRS-030-020-E,74.1,Round Slings,WRS-030-025-E,74.1,Round Slings
10056704,"SLING,SYN,RD,3T X 1.5M,POLY,YLW",SPANSET,medium,WRS-030-005-E,70.6,Round Slings,WRS-030-010-E,70.6,Round Slings,WRS-030-015-E,70.6,Round Slings,WRS-030-020-E,70.6,Round Slings,WRS-030-025-E,70.6,Round Slings
10056705,"SLING,SYN,RD,4T X 4M",SPANSET,high,WRS-040-010-E,83.2,Round Slings,WRS-040-015-E,83.2,Round Slings,WRS-040-020-E,83.2,Round Slings,WRS-040-030-E,83.2,Round Slings,WRS-040-040-E,83.2,Round Slings
10056706,"SLING,SYN,RD,5T X 1M",SPANSET,high,WRS-050-010-E,83.2,Round Slings,WRS-050-015-E,83.2,Round Slings,WRS-050-020-E,83.2,Round Slings,WRS-050-030-E,83.2,Round Slings,WRS-050-040-E,83.2,Round Slings
10056707,"SLING,SYN,RD,6T X 1M,POLY,BRN",SPANSET,medium,WRS-060-010-E,76.2,Round Slings,WRS-060-020-E,76.2,Round Slings,WRS-060-025-E,76.2,Round Slings,WRS-060-030-E,76.2,Round Slings,WRS-060-040-E,76.2,Round Slings
10056709,"SLING,SYN,RD,6T X 4M,POLY,BRN",SPANSET,medium,WRS-060-010-E,76.2,Round Slings,WRS-060-020-E,76.2,Round Slings,WRS-060-025-E,76.2,Round Slings,WRS-060-030-E,76.2,Round Slings,WRS-060-040-E,76.2,Round Slings
10056712,"SLING,SYN,RD,8T X 2M",SPANSET,medium,WRS-080-010-E,78.0,,WRS-080-020-E,78.0,,WRS-080-025-E,78.0,,WRS-080-030-E,78.0,,WRS-080-040-E,78.0,
10056713,"SLING,SYN,RD,8T X 3M",SPANSET,medium,WRS-080-010-E,78.0,,WRS-080-020-E,78.0,,WRS-080-025-E,78.0,,WRS-080-030-E,78.0,,WRS-080-040-E,78.0,
10056714,"SLING,SYN,RD,8T X 4M",SPANSET / A NOBLE & SONS,medium,WRS-080-010-E,78.0,,WRS-080-020-E,78.0,,WRS-080-025-E,78.0,,WRS-080-030-E,78.0,,WRS-080-040-E,78.0,
10056715,"SLING,SYN,RD,8T X 10M",SPANSET,high,WRS-080-010-E,81.4,,WRS-080-020-E,81.4,,WRS-080-025-E,81.4,,WRS-080-030-E,81.4,,WRS-080-040-E,81.4,
10056717,"SLING,SYN,RD,10T X 2M",SPANSET,medium,WWS-100-030-2-300,79.5,Synthetic Slings,WWS-100-060-2-300,79.5,Synthetic Slings,WRS-100-005-E,78.0,,WRS-100-010-E,78.0,,WRS-100-015-E,78.0,
10056718,"SLING,SYN,RD,10T X 3M",SPANSET,medium,WWS-100-030-2-300,79.5,Synthetic Slings,WWS-100-060-2-300,79.5,Synthetic Slings,WRS-100-005-E,78.0,,WRS-100-010-E,78.0,,WRS-100-015-E,78.0,
10056719,"SLING,SYN,RD,10T X 4M",SPANSET,medium,WWS-100-030-2-300,79.5,Synthetic Slings,WWS-100-060-2-300,79.5,Synthetic Slings,WRS-100-005-E,78.0,,WRS-100-010-E,78.0,,WRS-100-015-E,78.0,
10056720,"SHACKLE,BOW,11MM X 1.5T,SAFETY BOLT",Sparrows Services Australia Pty Ltd / VAN BEEST,medium,WSS-0015-SA-B-GP,65.5,Screw Dee Shackles - Grade M,WSS-0015-SC-B,60.2,Screw Bow Shackles - Alloy Grade S - Galvanised,WTB-T-158-JJ-G-12INT,59.9,Turnbuckles,WG60-HSWI-07/08,55.9,,WG60-AWI-130,55.5,Master Link - INOX Stainless Steel - Grade 60
10056721,"SHACKLE,BOW,28MM X 9.5T,SAFETY BOLT",Sparrows Services Australia Pty Ltd / VAN BEEST,medium,WSS-0095-SA-B,69.1,Safety Bow Shackles - Alloy Grade S - Galvanised,WSS-0095-SA-B-GP,65.5,Screw Dee Shackles - Grade M,WSS-0095-SC-B,60.2,Screw Bow Shackles - Alloy Grade S - Galvanised,WSS-0095-SA-D,59.8,Safety Dee Shackles - Alloy Grade S - Galvanised,WSS-0095-SC-D,54.7,Screw Dee Shackles - Alloy Grade S - Galvanised
10056722,"SHACKLE,BOW,45MM X 25T,SAFETY BOLT",SAFESPEAR PTY LTD / VAN BEEST / Sparrows Services Australia Pty Ltd,medium,WSS-0250-SA-B-GP,66.2,Screw Dee Shackles - Grade M,WSS-0250-SA-B,66.1,Safety Bow Shackles - Alloy Grade S - Galvanised,WSS-0250-SC-B,61.0,Screw Bow Shackles - Alloy Grade S - Galvanised,WSS-0250-SA-D,60.6,Safety Dee Shackles - Alloy Grade S - Galvanised,WEB-720-M-600P-S-WLL,57.1,Eyebolts - Metric - Grade 4
10056725,"CLAMP,RILEY,BEAMRILEYS2A,GIRDER,76-190MM",RILEY LIFTING CLAMP,low,WCPS-150-190-D1-NC,48.5,Double Eye,WGC-0200-076-190-BCU,46.3,Universal Beam Clamp - BCU,WGC-0300-125-204-BCU,46.3,Universal Beam Clamp - BCU,WGC-0500-125-305-BCU,46.3,Universal Beam Clamp - BCU,WGC-1000-125-305-BCU,46.3,Universal Beam Clamp - BCU
10056727,"RING,LIFT,OBLONG,19MM,5.4T",GUNNEBO,medium,WMAL-130-G-SKG,69.9,Master Link SKG - Closed,WCUP-RS-130-G-SKR,69.3,Round Sling Connector SKR,WSLH-CP-130-G-SKN,68.0,Sling Hook SKN - Grade 80,WMAL-130-G-SKO,67.1,Master Link SKO - Open,WMAL-10/08-G-MFX,66.6,Master Links - Type MFX
10056728,"RING,LIFT,OBLONG,34MM,17T",GUNNEBO,medium,WCS-16-4-040-BVE,68.9,,WCS-16-4-050-BVE,68.9,,WCS-16-4-060-BVE,68.9,,WMAL-17T-C-A1343,68.0,Lifting Chain & Fittings,WMAL-17T-C-A1346,68.0,Lifting Chain & Fittings
10056729,"RING,LIFT,OBLONG,40MM,17T",GUNNEBO,medium,WCS-16-4-040-BVE,65.3,,WCS-16-4-050-BVE,65.3,,WCS-16-4-060-BVE,65.3,,WMAL-17T-C-A1343,64.4,Lifting Chain & Fittings,WMAL-17T-C-A1346,64.4,Lifting Chain & Fittings
10056730,"RING,LIFT,OBLONG,MULTI,28MM,5.2T",GUNNEBO,medium,WSS-0005-SA-B-858,72.8,,WTB-T-240-EE-G-GDES,72.8,,WTB-T-240-JE-G-GDES,72.8,,WTB-T-240-JJ-G-GDES,72.8,,WRSC-240-EE-S-G-A,72.8,Lifting & Rigging Components
10056731,"RING,LIFT,OBLONG,MULTI,40MM,11.5T",GUNNEBO,medium,WRSC-390-JJ-P-G-A,72.8,Lifting & Rigging Components,WRSC-450-JJ-S-G-A,72.8,Lifting & Rigging Components,WCS-13-4-020-BVE,68.8,,WCS-13-4-030-BVE,68.8,,WCS-13-4-040-BVE,68.8,
10056732,"RING,LIFT,OBLONG,MULTI,50MM,28T",GUNNEBO,medium,WMAL-15T-C-A1346,68.0,Lifting Chain & Fittings,WMAL-28T-C-A1346,68.0,Lifting Chain & Fittings,WSLH-CP-078-G-SKN,67.6,Sling Hook SKN - Grade 80,WMAL-13/10-G-MFX,64.6,Master Links - Type MFX,WCCA-260G,63.6,Grade 100 Alloy Chain - GrabiQ
10056733,"SLING,WIRE ROPE,40X60,2T,6M",The Rigging Shed,medium,WRS-020-005-E,67.1,Round Slings,WRS-020-007-E,67.1,Round Slings,WRS-020-010-E,67.1,Round Slings,WRS-020-015-E,67.1,Round Slings,WRS-020-020-E,67.1,Round Slings
10056734,"SLING,WIRE ROPE,50X20,4T,2M",The Rigging Shed,medium,WRS-040-010-E,67.1,Round Slings,WRS-040-015-E,67.1,Round Slings,WRS-040-020-E,67.1,Round Slings,WRS-040-030-E,67.1,Round Slings,WRS-040-040-E,67.1,Round Slings
10056735,"SLING,WIRE ROPE,50X60,4T,6M",The Rigging Shed,medium,WRS-040-010-E,67.1,Round Slings,WRS-040-015-E,67.1,Round Slings,WRS-040-020-E,67.1,Round Slings,WRS-040-030-E,67.1,Round Slings,WRS-040-040-E,67.1,Round Slings
10056736,"SLING,CHAIN,2 LEGGED,10MM,5.5T,8M",GUNNEBO,high,WCUP-RS-130-G-SKR,84.5,Round Sling Connector SKR,WSLH-CP-130-G-SKN,84.5,Sling Hook SKN - Grade 80,WMAL-10/08-G-MFX,82.3,Master Links - Type MFX,WCUP-RS-100-G-SKR,74.5,Round Sling Connector SKR,WSLH-CP-100-G-SKN,74.5,Sling Hook SKN - Grade 80
10056737,"SLING,CHAIN,2 LEGGED,12MM,9.2T,8M",GUNNEBO,medium,WMAL-9T-C-A1343,79.5,Lifting Chain & Fittings,WMAL-9T-C-A1346,79.5,Lifting Chain & Fittings,WLLH-C-080-BVE-G100,73.5,Clevis Type Self Locking Hook,WGRH-C-080-BVE-G100,69.5,Clevis Type Grab Hook - Grade 100,WSLH-AE-080-BVE-G100,66.5,Eye Type Sling Hook
10056738,"SLING,CHAIN,4 LEGGED,10MM,5.5T,8M",GUNNEBO,high,WCUP-RS-130-G-SKR,90.5,Round Sling Connector SKR,WSLH-CP-130-G-SKN,90.5,Sling Hook SKN - Grade 80,WMAL-10/08-G-MFX,82.3,Master Links - Type MFX,WBBS-130-G-SKLIASSY,78.5,Swivel Assembly - Grade 80,WHFL-130-G-SKT,75.9,Half Link SKT - Grade 80
10056741,"BAG,LIFTER,CANVAS,50KG SWL",USC,low,WLIF-HDB-LG50HV,49.2,Lifting Bags,WFWS-T1A-050-0100,48.5,Cradle Lift,WFWS-T1E-050-0250,48.5,Cradle Lift,WBBS-100-G-SKLI,47.2,Roller-Bearing Swivel SKL,WBBS-130-G-SKLI,47.2,Roller-Bearing Swivel SKL
10056745,"CAGE,LIFTING,GOODS CAGE,1T,C/W RAMP",The Rigging Shed,medium,WTB-T-120-EE-G-GDES,74.7,,WTB-T-120-JE-G-GDES,74.7,,WTB-T-120-JJ-G-GDES,74.7,,WRSC-120-EE-S-G-A,74.7,Lifting & Rigging Components,WRSC-120-JE-S-G-A,74.7,Lifting & Rigging Components
10056746,"CAGE,LIFTING,GOODS CAGE,1T,DOOR & RAMP",The Rigging Shed,medium,S1505010,72.3,Lifting Frames,WTB-T-120-EE-G-GDEP,70.5,,WTB-T-120-EE-G-GDES,70.5,,WTB-T-120-JE-G-GDEP,70.5,,WTB-T-120-JE-G-GDES,70.5,
10056747,"BASKET,LIFT,SCAFFOLD,C/W HORN",The Rigging Shed,low,WFWS-T2R-050-0200,49.3,Choker Lift,WFWS-T2R-064-0250,49.3,Choker Lift,WFWS-T2R-076-0200,49.3,Choker Lift,WFWS-T2R-088-0200,49.3,Choker Lift,WFWS-T2R-125-0500,49.3,Choker Lift
10056750,"LIFTER,DRUM,FLOWER POT,BUNDED",The Rigging Shed,low,WFBH-3-P-M-M1020322M,46.4,Polyester Harness,WLDB-060-R-GH-AS,45.3,Load Binders,WLDB-080-R-GH-AS,45.3,Load Binders,WU1S-1480-030-ASB1L,44.4,Bullivants Code,WLDB-100-R-GH-AS,44.4,Load Binders
10056756,"SLING,WEBBING,12T,6M,180MM W,4PLY",USC,medium,WRSC-390-JJ-P-G-A,63.2,Lifting & Rigging Components,WRSC-450-JJ-S-G-A,63.2,Lifting & Rigging Components,WSS-0125-SA-B-858,61.8,,WCIC-160R,60.7,Chain - ICE 120,WRS-120-040-E,60.3,
10060196,"ROPE,PP,SYN,2.10KN,BLU,4MM DIA,ROLL,300M",DONAGHYS LTD,medium,WF-040-FB-300M,61.5,Polypropylene Blue Rope,WFEA-040-D-S,53.7,Aluminium - DIN Grade 3093,WS032-3R,53.1,PVC Coated - Stainless Steel Rope,WS032-3W,53.1,PVC Coated - Stainless Steel Rope,WF-060-FB-250M,50.7,Polypropylene Blue Rope
10060732,"TROLLEY,SCISSOR LIFT,350KG,900X500MM",PACIFIC HOISTS,low,WPT-0050-062-128-TG,49.3,Push Trolley - TP,WPT-0050-062-128-TGCR,49.3,Push Trolley - TP,WPT-0500-106-194-TG,49.3,Push Trolley - TP,WPT-0500-106-194-TGCR,49.3,Push Trolley - TP,WPT-0500-106-305-TG,49.3,Push Trolley - TP
10061683,"ROPE,WIRE,GALV STL,7X7,2MM DIA,BULK",A NOBLE & SONS,medium,WS020-44,63.0,7X19 Construction,WS020-46,63.0,7X19 Construction,W0020LA4K,62.2,7X7 Construction Steel Core,WV020WA1B,61.5,PVC Coated Galvanised Rope,WFEA-020-D-S,60.9,Aluminium - DIN Grade 3093
10061688,"SHACKLE,BOW,NON-LIFTING,SS316,5MM SIZE",A NOBLE & SONS,low,WSTB-050-EE-311E05,56.9,Turnbuckles - Stainless Steel,WSTB-050-HE-311HE05,56.9,Turnbuckles - Stainless Steel,WSTB-050-HTB16HHM05,56.9,Turnbuckles - Stainless Steel,WSTB-050-HTB16JJM05,56.9,Turnbuckles - Stainless Steel,WSNB-02T-115-S-BS-BV,56.6,Snatch Block with Shackle Head
10061689,"SHACKLE,BOW,NON-LIFTING,SS316,8MM SIZE",A NOBLE & SONS,low,WSTB-080-EE-311E08,56.9,Turnbuckles - Stainless Steel,WSTB-080-HE-311HE08,56.9,Turnbuckles - Stainless Steel,WSTB-080-HTB16HHM08,56.9,Turnbuckles - Stainless Steel,WSTB-080-HTB16JJM08,56.9,Turnbuckles - Stainless Steel,WPSA-078-G-SKA,56.8,Locking Set SKA
10061690,"SHACKLE,BOW,NON-LIFTING,SS316,12MM SIZE",A NOBLE & SONS,low,WSTB-120-HTB16EEM12,58.0,Turnbuckles - Stainless Steel,WSTB-120-HTB16HEM12,58.0,Turnbuckles - Stainless Steel,WSTB-120-HTB16HHM12,58.0,Turnbuckles - Stainless Steel,WSTB-120-HTB16JJM12,58.0,Turnbuckles - Stainless Steel,W0120NRDA,55.8,"Wire Rope, Strand & Fittings"
10061693,"CARABINER,TRIPLE ACTION",A NOBLE & SONS,low,WKAR-S-TL10-K4CRABSET,52.6,Karabiners,WAUSB-080-L-SH-AS,50.0,Maxibinder Ausbinder,WLDB-060-L-GH-G70-M,50.0,Maxibinder Ausbinder,WFBHP-S-SG238,50.0,Relief Straps,WCSR-0604,50.0,Stainless Steel Chain
10061697,"CAGE,LIFTING,DROP SIDE GOODS,1T WLL",A NOBLE & SONS,medium,WTB-T-120-EE-G-GDEP,70.3,,WTB-T-120-EE-G-GDES,70.3,,WTB-T-120-JE-G-GDEP,70.3,,WTB-T-120-JE-G-GDES,70.3,,WTB-T-120-JJ-G-GDEP,70.3,
10064803,"SLING,SYN,RD,1T X 2M,VIOLET",BULLIVANTS,medium,WRS-010-005-E,78.4,Round Slings,WRS-010-007-E,78.4,Round Slings,WRS-010-010-E,78.4,Round Slings,WRS-010-015-E,78.4,Round Slings,WRS-010-020-E,78.4,Round Slings
10064805,"SLING,SYN,RD,3T X 3M,YLW",BULLIVANTS,medium,WRS-030-005-E,78.0,Round Slings,WRS-030-010-E,78.0,Round Slings,WRS-030-015-E,78.0,Round Slings,WRS-030-020-E,78.0,Round Slings,WRS-030-025-E,78.0,Round Slings
10064806,"SLING,SYN,RD,6T X 2M,BRN",BULLIVANTS,high,WRS-060-010-E,82.0,Round Slings,WRS-060-020-E,82.0,Round Slings,WRS-060-025-E,82.0,Round Slings,WRS-060-030-E,82.0,Round Slings,WRS-060-040-E,82.0,Round Slings
10075219,"PULLEY,SHEAVE,DODGE,1210,3.15,STL",DODGE,low,WCPS-120-150-C1HD-NC,51.9,Heavy Duty,WCPS-095-120-C1HD-NC,50.0,Heavy Duty,WG60-AWI-180,49.4,Master Link - INOX Stainless Steel - Grade 60,WCPS-120-150-D1-NC,49.4,Double Eye,WCPS-120-150-S1-NC,49.4,Double Eye
10075222,"PULLEY,SHEAVE,DODGE,1610,4.12,STL",DODGE,low,WG60-WOX-130,50.0,Chain - INOX Stainless Steel - Grade 60,WG60-VLWI-130,49.4,Chain Shortner - INOX Stainless Steel - Grade 60,WCPS-120-150-C1HD-NC,49.4,Heavy Duty,WG60-CWI-130,48.3,Connecting Links - INOX Stainless Steel - Grade 60,WG60-VWI-067,48.1,Multi Link - INOX Stainless Steel - Grade 60
10075825,"SLING,SYN,RD,1T X 1.5M,POLY,VIOLET",SPANSET / CONBIT,medium,WRS-010-005-E,74.7,Round Slings,WRS-010-007-E,74.7,Round Slings,WRS-010-010-E,74.7,Round Slings,WRS-010-015-E,74.7,Round Slings,WRS-010-020-E,74.7,Round Slings
10094514,"SLING,CHAIN,4 LEGGED,10MM,6.9TX7M LG",SAFESPEAR PTY LTD / WILLIAM HACKETT LTD / Sparrows Services Australia Pty Ltd,medium,WCS-10-2-010-BVE,68.9,Grade 100 Assembled Slings,WCS-10-2-020-BVE,68.9,Grade 100 Assembled Slings,WCS-10-2-030-BVE,68.9,Grade 100 Assembled Slings,WCS-10-2-040-BVE,68.9,Grade 100 Assembled Slings,WCS-10-2-050-BVE,68.9,Grade 100 Assembled Slings
10098110,"HOOK,SPA,CSAKIT-004,25T,INTER",Sparrows Services Australia Pty Ltd,medium,WLLH-AE-080-BVE-G100,61.7,Eye Type Self Locking Hook,WGRH-130-BVE-G100,60.2,Eye Type Grab Hook - Grade 100,WMAL-9T-C-A1346,57.3,Lifting Chain & Fittings,WSFS-035-030,57.0,Superflex Strops,WSSFX-040-020,57.0,Superflex Slings
10098112,"SLING,STINGER,WIRE ROPE,FPSO 16T,36MM,6M",Sparrows Services Australia Pty Ltd,medium,WEB-0700-M36-R-VRSF,71.8,VRBS Weld-on Eye Plate,W0360NA3A,69.8,"Wire Rope, Strand & Fittings",WSSFX-065-020,65.9,Superflex Slings,WEP-1600-R-VRBS,65.8,VRBS Weld-on Eye Plate,WSFS-170-2000-TD,65.1,Dean-O Slings
10101683,"LIFTING RING,SGL,OBLONG,1.35T,M12X45MM",RUD,high,WRL-0150-NS-R-VLBS,82.7,VLBS Weld-on Load Ring,WRSL-013-M16-WBGV-30,82.7,VWBG-V Swivel Lifting Ring,WMAL-040-R-IML,78.5,4mm MINI Range - ICE 120,WTB-T-120-EE-G-GDES,76.8,,WTB-T-120-JE-G-GDES,76.8,
10101686,"LIFTING RING,SGL,OBLONG,0.9T,M10X40MM LG",RUD,medium,WRL-0080-NS-R-ABA,79.9,W-ABA Weld-on Load Ring,WRL-0100-NS-R-GABA,79.9,G-ABA Weld-on Load Ring for Galvanising,WCIC-040R,78.0,Chain - ICE 120,WCON-A-04-12-R,77.5,4mm MINI Range - ICE 120,WSLH-C-040-R-IMH,77.5,4mm MINI Range - ICE 120
10105536,"SLING SET,LIFT ASSY,REFLEX,RA0487,XT4",REFLEX MARINE,low,WMAGP-0010-BV8,46.2,Magnetic Lifters - Replacement Handles,WMAGP-0030-BV8,46.2,Magnetic Lifters - Replacement Handles,WMAGP-0060-BV8,46.2,Magnetic Lifters - Replacement Handles,WFWS-T1A-050-0100,44.2,Cradle Lift,WFWS-T1A-064-0600,44.2,Cradle Lift
10107569,"LIFTING RING,SGL,OBLONG,0.63T,M8X40MM",RUD,high,WRL-0080-NS-R-ABA,82.9,W-ABA Weld-on Load Ring,WRSL-004-M10-WBGV-45,82.9,VWBG-V Swivel Lifting Ring,WRSL-006-M12-WBGV-21,82.9,VWBG-V Swivel Lifting Ring,WTB-T-100-EE-G-GDEP,77.7,,WTB-T-100-EE-G-GDES,77.7,
10107584,"LIFTING RING,SGL,OBLONG,1.35T,M12X55MM",RUD,high,WRL-0150-NS-R-VLBS,82.7,VLBS Weld-on Load Ring,WRSL-013-M16-WBGV-30,82.7,VWBG-V Swivel Lifting Ring,WTB-T-120-EE-G-GDES,76.8,,WTB-T-120-JE-G-GDES,76.8,,WTB-T-120-JJ-G-GDES,76.8,
10107585,"LIFTING RING,SGL,OBLONG,1.35T,M12X65MM",RUD,high,WRSL-013-M16-WBGV-30,84.8,VWBG-V Swivel Lifting Ring,WRL-0150-NS-R-VLBS,82.7,VLBS Weld-on Load Ring,WTB-T-120-EE-G-GDES,76.8,,WTB-T-120-JE-G-GDES,76.8,,WTB-T-120-JJ-G-GDES,76.8,
10107590,"LIFTING RING,SGL,OBLONG,1.35T,M12X115MM",RUD,high,WRL-0150-NS-R-VLBS,82.2,VLBS Weld-on Load Ring,WRSL-013-M16-WBGV-30,82.2,VWBG-V Swivel Lifting Ring,WTB-T-120-EE-G-GDES,76.0,,WTB-T-120-JE-G-GDES,76.0,,WTB-T-120-JJ-G-GDES,76.0,
10107596,"LIFTING RING,SGL.OBLONG,2T,M16X70MM",RUD,high,WRSL-020-M20-WBGV-33,80.2,VWBG-V Swivel Lifting Ring,WCIC-060R,76.0,Chain - ICE 120,WCUP-060-R-IVS,74.3,Connecting Link - IVS - ICE 120,WSNB-0160-076-WR-SB-C,74.1,Snatch Blocks,WTB-T-160-EE-G-GDES,73.4,
10107597,"LIFTING RING,SGL.OBLONG,2T,M16X80MM",RUD,high,WRSL-020-M20-WBGV-33,80.2,VWBG-V Swivel Lifting Ring,WCIC-060R,78.7,Chain - ICE 120,WCUP-060-R-IVS,76.4,Connecting Link - IVS - ICE 120,WSNB-0160-076-WR-SB-C,74.1,Snatch Blocks,WTB-T-160-EE-G-GDES,73.4,
10107601,"LIFTING RING,SGL.OBLONG,2T,M16X120MM",RUD,high,WRSL-020-M20-WBGV-33,81.8,VWBG-V Swivel Lifting Ring,WCIC-060R,78.0,Chain - ICE 120,WCUP-060-R-IVS,75.9,Connecting Link - IVS - ICE 120,WTB-T-160-EE-G-GDES,75.6,,WTB-T-160-JE-G-GDES,75.6,
10107607,"LIFTING RING,SGL.OBLONG,2T,M16X180MM",RUD,medium,WRSL-020-M20-WBGV-33,79.6,VWBG-V Swivel Lifting Ring,WCIC-060R,78.0,Chain - ICE 120,WCUP-060-R-IVS,75.9,Connecting Link - IVS - ICE 120,WSNB-0160-076-WR-SB-C,73.4,Snatch Blocks,WISH-060-ISH6,72.7,Clevis Sling Hook - ISH Star - ICE 120
10107608,"LIFTING RING,SGL,OBLONG,3.5T,M20X75MM",RUD,high,WRSL-035-M24-WBGV-40,83.3,VWBG-V Swivel Lifting Ring,WRB-0350-M20-CP-VLBGP,75.4,VRBS Weld-on Eye Plate,WRL-0320-NS-R-ABA,64.9,W-ABA Weld-on Load Ring,WRSL-003-M08-WBGV-12,64.9,VWBG-V Swivel Lifting Ring,WRSL-013-M16-WBGV-30,64.9,VWBG-V Swivel Lifting Ring
10107609,"LIFTING RING,SGL,OBLONG,3.5T,M20X85MM",RUD,high,WRSL-035-M24-WBGV-40,83.3,VWBG-V Swivel Lifting Ring,WRB-0350-M20-CP-VLBGP,75.4,VRBS Weld-on Eye Plate,WRL-0320-NS-R-ABA,64.9,W-ABA Weld-on Load Ring,WRSL-003-M08-WBGV-12,64.9,VWBG-V Swivel Lifting Ring,WRSL-013-M16-WBGV-30,64.9,VWBG-V Swivel Lifting Ring
10107613,"LIFTING RING,SGL,OBLONG,3.5T,M20X125MM",RUD,high,WRSL-035-M24-WBGV-40,82.7,VWBG-V Swivel Lifting Ring,WRB-0350-M20-CP-VLBGP,74.8,VRBS Weld-on Eye Plate,WMAL-060-R-IAKRG4,64.1,,WRL-0320-NS-R-ABA,63.8,W-ABA Weld-on Load Ring,WRSL-003-M08-WBGV-12,63.8,VWBG-V Swivel Lifting Ring
10107622,"LIFTING RING,SGL,OBLONG,3.5T,M20X215MM",RUD,high,WRSL-035-M24-WBGV-40,82.7,VWBG-V Swivel Lifting Ring,WRB-0350-M20-CP-VLBGP,74.8,VRBS Weld-on Eye Plate,WMAL-060-R-IAKRG4,64.1,,WRL-0320-NS-R-ABA,63.8,W-ABA Weld-on Load Ring,WRSL-003-M08-WBGV-12,63.8,VWBG-V Swivel Lifting Ring
10107625,"LIFTING RING,SGL,OBLONG,4.5T,M24X80MM",RUD,medium,WCS-08-4-010-BVE,76.5,,WCS-08-4-020-BVE,76.5,,WCS-08-4-030-BVE,76.5,,WCS-08-4-040-BVE,76.5,,WCS-08-4-060-BVE,76.5,
10107641,"LIFTING RING,SGL,OBLONG,4.5T,M24X250MM",RUD,medium,WRB-0450-M24-CP-VLBGP,74.8,VRBS Weld-on Eye Plate,WTB-T-254-JJ-G-12INT,72.5,Turnbuckles,WCS-08-4-010-BVE,72.5,,WCS-08-4-020-BVE,72.5,,WCS-08-4-030-BVE,72.5,
10107668,"LIFTING RING,SGL,OBLONG,6.7T,M30X340MM",RUD,high,WRL-0670-NS-R-VLBS,82.7,VLBS Weld-on Load Ring,WRB-0670-M30-CP-VLBGP,74.8,VRBS Weld-on Eye Plate,WSS-0007-SA-B-858,73.9,,WCS-10-4-010-BVE,71.7,,WCS-10-4-020-BVE,71.7,
10107708,"LIFTING RING,SGL,OBLONG,10T,M42X320MM",RUD,high,WRL-1000-NS-R-VLBS,81.8,VLBS Weld-on Load Ring,WRL-1000-NS-R-ABA,79.1,W-ABA Weld-on Load Ring,WTB-T-330-EE-G-GDES,75.6,,WTB-T-330-JE-G-GDES,75.6,,WTB-T-330-JJ-G-GDES,75.6,
10107724,"LIFTING RING,SGL,OBLONG,15T,M42X250MM",RUD,medium,WSNB-1200-406-WR-SB-C,77.5,Snatch Blocks,WSS-0150-SA-B-858,75.6,,WMAL-15T-C-A1346,75.1,Lifting Chain & Fittings,WBBS-220-G-SKLI,67.5,Roller-Bearing Swivel SKL,WEN-560-M-550P-S,67.4,Eyenuts - Metric - Grade 4
10109461,"SLING,CHAIN,2 LEGGED,10MM,5.5T,9M",The Rigging Shed,medium,WCUP-RS-130-G-SKR,74.5,Round Sling Connector SKR,WSLH-CP-130-G-SKN,74.5,Sling Hook SKN - Grade 80,WMAL-9T-C-A1346,72.6,Lifting Chain & Fittings,WMAL-10/08-G-MFX,72.3,Master Links - Type MFX,WG60-HSWI-100,66.2,
10111965,"HOIST,LIFT,LEVER,3.2T,3M,C/W O/L LIMITER",KITO ARMATUREN,medium,WMAL-100-G-SKO,69.5,Master Link SKO - Open,WMAL-100-G-SKG,66.0,Master Link SKG - Closed,WBBS-100-G-SKLI,62.7,Roller-Bearing Swivel SKL,WSS-0032-SC-D,61.9,Screw Dee Shackles - Alloy Grade S - Galvanised,WEB-240-M-Z103424,61.4,Rotating Eye Lifting Points - LPE
10111966,"SLING,SPA,KITA-SPA013,HOSE RECOVERY,ASSY",Sparrows Services Australia Pty Ltd,medium,WRCS-030-100-R/FAST,69.6,Recovery & Towing,WRCS-030-100-R/FASTOO,69.6,Recovery & Towing,WRCS-050-060-R/FAST,69.6,Recovery & Towing,WRCS-050-100-R/FAST,69.6,Recovery & Towing,WRCS-050-100-R/FASTOO,69.6,Recovery & Towing
10111967,"SLING,ROUND,5T,3M,STINGER ASSY",The Rigging Shed / Sparrows Services Australia Pty Ltd,high,WRS-050-010-E,82.3,Round Slings,WRS-050-015-E,82.3,Round Slings,WRS-050-020-E,82.3,Round Slings,WRS-050-030-E,82.3,Round Slings,WRS-050-040-E,82.3,Round Slings
10115552,"SHACKLE,BOW,50MM X 35T,SAFETY BOLT",Sparrows Services Australia Pty Ltd / VAN BEEST / SAFESPEAR PTY LTD,medium,WSS-0350-SA-B-GP,66.2,Screw Dee Shackles - Grade M,WSS-0350-SA-B,66.1,Safety Bow Shackles - Alloy Grade S - Galvanised,WSS-0350-SC-B,61.0,Screw Bow Shackles - Alloy Grade S - Galvanised,WSS-0350-SC-D,55.4,Screw Dee Shackles - Alloy Grade S - Galvanised,WSFS-040-030,54.6,Superflex Strops
10115802,"SLING,WIRE ROPE,3MM,2M,7X19,SS316",Sparrows Services Australia Pty Ltd,medium,W0030LJ4K,67.6,7X19 Construction,W0032LJ4K,62.5,7X19 Construction,WS032-44,62.5,7X19 Construction,WS032-46,62.5,7X19 Construction,WS024-44,60.0,7X19 Construction
10115804,"SHACKLE,SPARROWS,SSSKL06,6MM,SS",Sparrows Services Australia Pty Ltd,low,WL-060-C-250M,48.8,Sisal Rope,WG60-HSWI-05/06,48.7,,WCSP-060G,44.4,Split Links,WCSP-080G,44.4,Split Links,WG60-WOX-060,44.1,Chain - INOX Stainless Steel - Grade 60
10115877,"SLING,STINGER,WIRE ROPE,FPSO,20T,36MM,6M",Sparrows Services Australia Pty Ltd,high,WSFS-055-0785-TD,83.9,Dean-O Slings,W0360NA3A,69.8,"Wire Rope, Strand & Fittings",WRS-200-010-E-BVPTX,67.1,High Performance Multi Round Sling,WRS-200-020-E-BVPTX,67.1,High Performance Multi Round Sling,WRS-200-025-E-BVPTX,67.1,High Performance Multi Round Sling
10117418,"CHAIN,HOIST,RIGMATE,22497,2T,6M,GRN",A NOBLE & SONS,medium,WSLH-CP-078-G-SKN,64.0,Sling Hook SKN - Grade 80,WMAL-078-G-SKO,63.4,Master Link SKO - Open,WCIC-060R,63.3,Chain - ICE 120,WISH-060-ISH6,63.1,Clevis Sling Hook - ISH Star - ICE 120,WMAL-078-G-SKG,62.7,Master Link SKG - Closed
10117419,"CHAIN,HOIST,RIGMATE,22545,10T,6M,ORG",A NOBLE & SONS,medium,WSLH-AE-160-BVE-G100,65.9,Eye Type Sling Hook,WLLH-AE-160-BVE-G100,64.8,Eye Type Self Locking Hook,WGRH-C-160-BVE-G100,64.5,Clevis Type Grab Hook - Grade 100,WCS-16-1-020-BVE,64.2,Grade 100 Assembled Slings,WCS-16-1-030-BVE,64.2,Grade 100 Assembled Slings
10117420,"CHAIN,HOIST,RIGMATE,22664,2T,3M,GRN",A NOBLE & SONS,medium,WISH-060-ISH6,63.1,Clevis Sling Hook - ISH Star - ICE 120,WMAL-078-G-SKG,62.7,Master Link SKG - Closed,WSLH-CP-078-G-SKN,62.0,Sling Hook SKN - Grade 80,WMAL-078-G-SKO,61.3,Master Link SKO - Open,WMAL-060-R-IAKRG1,60.7,Safety Heat Indicator
10117669,"STRAP,RATCHET,TIE DOWN,50MM,9M",SPANSET,medium,WCA-025-0250-030-SH,67.7,Ratchet Tie-Downs,WRA-025-0250-040-JH,67.7,Ratchet Tie-Downs,WRA-025-0250-040-SH,67.7,Ratchet Tie-Downs,WRA-025-0400-040-SH,67.7,Ratchet Tie-Downs,WRA-025-0400-050-EL,67.7,Ratchet Tie-Downs
10120000,"HOOK,SPANSET,K4,TRIP,D,ALY STL,KARABINER",SPANSET,medium,WKAR-S-TL10-K4CRABSET,74.9,Karabiners,WFBHP-S-SG238,67.1,Relief Straps,WPS-250-A-S-2700,66.8,Pole Strap,WFA-018-WR-S-2002380,61.8,Saverline/IKAR Type 3 SRL Galvanised Steel Cable,WFA-043-WR-S-2002383,61.8,Saverline/IKAR Type 3 SRL Galvanised Steel Cable
10120163,"SLING,FLAT WEBB,POLY,5T,4M,RED,2PLY",BULLIVANTS,medium,S1523034,61.2,Spreader Beams,S1523035,61.2,Spreader Beams,WEB-330-M-350P-S-WLL,60.7,Eyebolts - Metric - Grade 4,WRS-050-010-E,60.6,Round Slings,WRS-050-015-E,60.6,Round Slings
10121818,"ROPE,WIRE,BULLIVANTS,W0020LA4K,2MM,1000M",BULLIVANTS,medium,W0090QY4B,76.7,Verotop E,W0100QR4B,76.7,Verotop,W0110QREB,76.7,Verotop,W0120QREB,76.7,Verotop,W0130QREB,76.7,Verotop
10126646,"SLING,HAWSER,15TX8MX32MM,DYNEEMA,1 LEG",Sparrows Services Australia Pty Ltd / HAMPIDJAN AUSTRALIA,low,WU1-012-RB,52.6,AmSteel ® -Blue,WU1-018-RB,52.6,AmSteel ® -Blue,WU9-018-RO,52.6,Saturn-12 TM,WWS-100-030-2-300,52.2,Synthetic Slings,WWS-100-060-2-300,52.2,Synthetic Slings
10127716,"EYEBOLT,M20X20,2.75T WLL,39MM,SS316",Sparrows Services Australia Pty Ltd,low,WG60-VWI-067,55.0,Multi Link - INOX Stainless Steel - Grade 60,WRB-0260-M20-LB-DLP,54.4,Learn More,WG60-AWI-160,53.7,Master Link - INOX Stainless Steel - Grade 60,WRB-0250-M20-CP-RLP,53.0,Learn More,WRB-0260-M20-ST-DLP,49.6,De-centered Lifting Points - DLP - Metric Thread
10127725,"SHACKLE,SOFT,FRANOS,S34TLINKIT,34T",FRANKLIN OFFSHORE PTY LTD / SAMSON ROPE,medium,WU1S-0340-034-ASLPLFT,65.1,LINK-IT Max TM,WU1S-0090-006-ASLP,60.0,Link-It+ Soft Shackle,WU1S-0132-008-ASLP,60.0,Link-It+ Soft Shackle,WU1S-0200-010-ASLP,60.0,Link-It+ Soft Shackle,WU1S-0231-011-ASLP,60.0,Link-It+ Soft Shackle
10130313,"CHAIN BLOCK,KITO,64659,10T,3M DROP",KITO ARMATUREN,medium,WSNB-10T-250-S-BS-BV,62.9,Snatch Block with Shackle Head,WGRH-C-160-G-GGLP,62.4,Grab Hook with Locking Pin,WLLH-AE-160-BVE-G100,61.5,Eye Type Self Locking Hook,WCUP-160-BVE-G100,61.2,Chain Connecting Link - Grade 100,WCS-16-1-020-BVE,60.7,Grade 100 Assembled Slings
10130314,"CHAIN BLOCK,KITO,64302,10T,6M DROP",KITO ARMATUREN,medium,WSNB-10T-250-S-BS-BV,64.9,Snatch Block with Shackle Head,WGRH-C-160-G-GGLP,64.5,Grab Hook with Locking Pin,WCUP-160-BVE-G100,63.5,Chain Connecting Link - Grade 100,WCS-16-1-020-BVE,62.9,Grade 100 Assembled Slings,WCS-16-1-030-BVE,62.9,Grade 100 Assembled Slings
10134193,"LIFTING RING,VLBG-PLUS,M8X105MM,0.63T",RUD,high,WRSL-006-M12-WBGV-21,85.4,VWBG-V Swivel Lifting Ring,WRSL-004-M10-WBGV-45,84.8,VWBG-V Swivel Lifting Ring,WRL-0080-NS-R-ABA,82.9,W-ABA Weld-on Load Ring,WTB-T-100-EE-G-GDEP,77.7,,WTB-T-100-JE-G-GDEP,77.7,
10134194,"LIFTING RING,VLBG-PLUS,M10X125MM,0.9T",RUD,high,WRL-0080-NS-R-ABA,82.9,W-ABA Weld-on Load Ring,WRL-0100-NS-R-GABA,82.9,G-ABA Weld-on Load Ring for Galvanising,WRB-0090-M10-CP-VLBGP,75.4,VRBS Weld-on Eye Plate,WCIC-040R,74.8,Chain - ICE 120,WTB-T-100-EE-G-GDES,74.7,
10134195,"LIFTING RING,VLBG-PLUS,M16X185MM,2T",RUD,high,WRSL-020-M20-WBGV-33,80.2,VWBG-V Swivel Lifting Ring,WCIC-060R,76.0,Chain - ICE 120,WTB-T-160-EE-G-GDES,73.4,,WTB-T-160-JE-G-GDES,73.4,,WTB-T-160-JJ-G-GDES,73.4,
10134196,"LIFTING RING,VLBG-PLUS,M20X230MM,3.5T",RUD,high,WRSL-035-M24-WBGV-40,85.4,VWBG-V Swivel Lifting Ring,WRB-0350-M20-CP-VLBGP,75.4,VRBS Weld-on Eye Plate,WRSL-050-M30-WBGV-50,67.4,VWBG-V Swivel Lifting Ring,WRSL-020-M20-WBGV-33,65.3,VWBG-V Swivel Lifting Ring,WRL-0320-NS-R-ABA,64.9,W-ABA Weld-on Load Ring
10134197,"LIFTING RING,VLBG-PLUS,M24X265MM,4.5T",RUD,medium,WRB-0450-M24-CP-VLBGP,75.4,VRBS Weld-on Eye Plate,WTB-T-254-JJ-G-12INT,70.9,Turnbuckles,WRB-0350-M24-CP-RLP,69.2,Learn More,WRSL-035-M24-WBGV-40,67.4,VWBG-V Swivel Lifting Ring,WLFL-24,67.4,Eyenuts - Lifting Loops
10134215,"EYEBOLT,STARPOINT VRS-F,3/4IN,40MM,2.3T",RUD,medium,S15040114,63.8,Combination Beams,WTB-T-190-JJ-G-12INT,62.0,Turnbuckles,WEB-200-M-Z103420,61.8,Rotating Eye Lifting Points - LPE,S15040113,60.1,Combination Beams,S1523034,59.3,Spreader Beams
10134219,"LIFTING RING,VLBG-Z,1/2IN,UNC,1T",RUD,high,WRL-0100-NS-R-GABA,88.9,G-ABA Weld-on Load Ring for Galvanising,WCIC-040R,83.6,Chain - ICE 120,WRL-0080-NS-R-ABA,82.5,W-ABA Weld-on Load Ring,WCON-A-04-12-R,79.8,4mm MINI Range - ICE 120,WSLH-C-040-R-IMH,79.8,4mm MINI Range - ICE 120
10134220,"LIFTING RING,VLBG-Z,5/8IN,UNC,1.5T",RUD,high,WRL-0150-NS-R-VLBS,92.0,VLBS Weld-on Load Ring,WRSL-013-M16-WBGV-30,87.3,VWBG-V Swivel Lifting Ring,WRL-0160-NS-R-ABA,86.3,W-ABA Weld-on Load Ring,WMAL-040-R-IML,80.9,4mm MINI Range - ICE 120,WTB-T-158-JJ-G-12INT,79.2,Turnbuckles
10134221,"LIFTING RING,VLBG-Z,3/4IN,UNC,2.5T",RUD,high,WMAL-060-R-IAKRG4,88.0,,WRL-0250-NS-R-GABA,86.3,G-ABA Weld-on Load Ring for Galvanising,WRL-0250-NS-R-VLBS,86.3,VLBS Weld-on Load Ring,WMAL-060-R-IAKRG2,80.2,Safety Heat Indicator,WTB-T-190-JJ-G-12INT,78.5,Turnbuckles
10134222,"LIFTING RING,VLBG-Z,7/8IN,UNC,2.5T",RUD,high,WRL-0250-NS-R-VLBS,89.5,VLBS Weld-on Load Ring,WMAL-060-R-IAKRG4,88.0,,WRL-0250-NS-R-GABA,86.3,G-ABA Weld-on Load Ring for Galvanising,WMAL-060-R-IAKRG2,80.2,Safety Heat Indicator,WTB-T-200-EE-G-GDEP,77.4,
10134223,"LIFTING RING,VLBG-Z,1IN,UNC,4T",RUD,high,WRL-0400-NS-R-GABA,85.1,G-ABA Weld-on Load Ring for Galvanising,WRL-0400-NS-R-VLBS,85.1,VLBS Weld-on Load Ring,WTB-T-240-EE-G-GDEP,74.7,,WTB-T-240-JE-G-GDEP,74.7,,WTB-T-240-JJ-G-GDEP,74.7,
10134775,"SLING,SYN,RD,12T X 10M,POLY",SPANSET,medium,WRS-120-040-E,70.2,,WRS-120-060-E,70.2,,WRS-120-080-E,70.2,,WRSC-390-JJ-P-G-A,60.9,Lifting & Rigging Components,WRSC-450-JJ-S-G-A,60.9,Lifting & Rigging Components
10135492,"BRIDLE,LIFT,FERNO,BRB-VRS,6 PT",FERNO AUSTRALIA,low,WFWS-T1A-064-0600,54.3,Cradle Lift,WFWS-T1A-076-0400,54.3,Cradle Lift,WFWS-T1B-064-0400,54.3,Cradle Lift,WFWS-T1B-076-0400,54.3,Cradle Lift,WFWS-T1C-064-0200,54.3,Cradle Lift
10135875,"SLING,SYN,RD,12T X 5M",Sparrows Services Australia Pty Ltd,medium,WRS-120-040-E,78.0,,WRS-120-060-E,78.0,,WRS-120-080-E,78.0,,WSS-0125-SA-B-858,64.2,,WRS-050-010-E,63.8,Round Slings
10135889,"LIFTING RING,VLBG-PLUS,M12X47MM,1.35T",RUD,high,WRSL-013-M16-WBGV-30,85.4,VWBG-V Swivel Lifting Ring,WRL-0150-NS-R-VLBS,82.9,VLBS Weld-on Load Ring,WRB-0135-M12-CP-VLBGP,76.9,VRBS Weld-on Eye Plate,WMAL-040-R-IML,76.9,4mm MINI Range - ICE 120,WTB-T-120-EE-G-GDES,74.7,
10136124,"LIFTER,VAC,DBL PAD,130MM DIA,60KG,BLK",HOGANS WHOLESALE,low,WLDB-100-L-GH-AS,46.8,Load Binders - Lever - Grade 70,WLDB-130-L-GH-AS,46.8,Load Binders - Lever - Grade 70,WFWS-T1A-100-0400,46.2,Cradle Lift,WFWS-T1B-100-0400,46.2,Cradle Lift,WFWS-T1C-100-0300,46.2,Cradle Lift
10138949,"SLING,SYN,RD,SOFT,4T X 3M",SPANSET,high,WRS-040-010-E,80.7,Round Slings,WRS-040-015-E,80.7,Round Slings,WRS-040-020-E,80.7,Round Slings,WRS-040-030-E,80.7,Round Slings,WRS-040-040-E,80.7,Round Slings
10138950,"SLING,SYN,RD,SOFT,5T X 1.5M",SPANSET,medium,WRS-050-010-E,78.4,Round Slings,WRS-050-015-E,78.4,Round Slings,WRS-050-020-E,78.4,Round Slings,WRS-050-030-E,78.4,Round Slings,WRS-050-040-E,78.4,Round Slings
10138952,"SLING,SYN,RD,SOFT,8T X 6M",SPANSET,medium,WRS-080-010-E,75.8,,WRS-080-020-E,75.8,,WRS-080-025-E,75.8,,WRS-080-030-E,75.8,,WRS-080-040-E,75.8,
10139007,"CHAIN BLOCK,PACHOIST,PCB301,0.25T,3M",The Rigging Shed / PACIFIC HOISTS,low,WCGL-060G,58.0,Grade L Chain,WRSC-100-JJ-L-G-T,55.0,Rigging Screws,WEB-095-B-S-WLL,54.6,Eyebolts - Imperial - Grade 4,WCB-0025-025-CX,54.1,Chain Blocks - Kito CX,WCB-0050-025-CX,54.1,Chain Blocks - Kito CX
10139015,"CLAMP,SUPER,RILEY,USC3A,3T",RILEY LIFTING CLAMP / The Rigging Shed,low,WPT-0300-088-154-TG,52.9,Push Trolley - TP,WPT-0300-088-154-TGCR,52.9,Push Trolley - TP,WPT-0300-088-230-TG,52.9,Push Trolley - TP,S1539050,52.8,Lifting Attachment,WWS-030-040-2-090,52.5,Synthetic Slings
10139045,"SLING,SYN,FLAT,WEBBING,2T X 3M",SPANSET,high,WWS-020-010-2-075,87.3,Flat Webbing Slings,WWS-020-015-2-075,87.3,Flat Webbing Slings,WWS-020-020-2-075,87.3,Flat Webbing Slings,WWS-020-025-2-075,87.3,Flat Webbing Slings,WWS-020-030-2-075,87.3,Flat Webbing Slings
10139673,"TROLLEY,SCISSOR,SITECRAFT,9323186,150KG",SITECRAFT,low,WSFS-080-060,47.9,"Wire Rope, Strand & Fittings",WSSFX-080-020,47.9,"Wire Rope, Strand & Fittings",WJS-160-CW-125M,47.8,Part Number 03,WJS-160-CW-250M,47.8,Part Number 03,WJS-180-CW-125M,47.8,Part Number 03
10145545,"HOIST,LIFT,JDN,PROFI-1TI,50M",JD NEUHAUS,low,WFWS-T2R-050-0200,50.0,Choker Lift,WFWS-T2R-100-0300,49.3,Choker Lift,WFWS-T2S-100-0400,49.3,Choker Lift,WFWS-T2S-200-0900,49.3,Choker Lift,WHS-A-0025-030-P-JDN,48.6,Air Operated Chain Hoists - Flameproof - JDN Profi
10148216,"HOIST,LIFT,AIR,2T,10M,1KW,G1/2",JD NEUHAUS,medium,WCIC-060R,66.6,Chain - ICE 120,S1539030,65.4,Forklift Boom,S15370164,65.1,Lifting Cages,S1523034,63.8,Spreader Beams,S1539040,61.8,Lifting Attachment
10148589,"SWIVEL,LINE PULLING,SLIN,ZSW2091,STL",SLINGCO,low,WSEBS-120-HSW16EP12,48.4,Swivel Snap Hook - Stainless Steel,WSEBS-190-HSW16EP19,48.4,Swivel Snap Hook - Stainless Steel,WSEBS-250-HSW16EP25,48.4,Swivel Snap Hook - Stainless Steel,WSSFX-025-010,44.4,Superflex Slings,WANPP-K-TEMPL003,44.4,V-Line Vertical Lifeline Kits
10148596,"GRIP,CABLE,SGL EYE,14-20MM,535MM,HT STL",WIRE AID PTY LTD,low,WG60-WOX-200,52.4,Chain - INOX Stainless Steel - Grade 60,W0200IT3A,50.2,Hyflex 6X36 Steel Core,W0200IY3A,50.2,Hyflex 6X36 Steel Core,WE-200-CW-250M,49.7,Polyethylene Silver Rope,WCPS-040-055-C1-NC,49.4,Single Eye
10152330,"SWIVEL,LINE,DCD,00505-020,22.2KN,32MM",DCD DESIGN & MANUFACTURING,low,WFEA-320-D-S,45.8,Aluminium - DIN Grade 3093,WSFS-080-060,45.7,"Wire Rope, Strand & Fittings",WSSFX-080-020,45.7,"Wire Rope, Strand & Fittings",WBBS-220-G-SKLI,43.6,Roller-Bearing Swivel SKL,WG60-WOX-050,43.0,Chain - INOX Stainless Steel - Grade 60
10152332,"SWIVEL,LINE,DCD,00505-027,40KN,38MM",DCD DESIGN & MANUFACTURING,low,WG60-WOX-050,46.8,Chain - INOX Stainless Steel - Grade 60,WG60-WOX-200,46.8,Chain - INOX Stainless Steel - Grade 60,WFEA-380-D-S,46.6,Aluminium - DIN Grade 3093,WBBS-100-G-SKLIASSY,45.4,Swivel Assembly - Grade 80,WBBS-078-G-SKLIASSY,44.9,Swivel Assembly - Grade 80
10157157,"LINK,CHAIN,GUN,M-1613-10,MASTER,5T",SAFESPEAR PTY LTD / GUNNEBO,high,WMAL-100-G-SKG,84.1,Master Link SKG - Closed,WMAL-100-G-SKO,84.1,Master Link SKO - Open,WMAL-078-G-SKG,76.7,Master Link SKG - Closed,WMAL-130-G-SKG,76.7,Master Link SKG - Closed,WMAL-160-G-SKG,76.7,Master Link SKG - Closed
10157225,"EYEBOLT,VRS-F-M30,4500KG,STARKEY",SAFESPEAR PTY LTD / RUD,low,WEN-0450-M30-VRM,45.7,VRM Starpoint Eye Nut - Metric Coarse Thread,WEN-0010-M6-VRM,43.9,VRM Starpoint Eye Nut - Metric Coarse Thread,WEN-0030-M8-VRM,43.9,VRM Starpoint Eye Nut - Metric Coarse Thread,WRSL-050-M30-WBGV-50,43.7,VWBG-V Swivel Lifting Ring,WEN-0040-M10-VRM,43.6,VRM Starpoint Eye Nut - Metric Coarse Thread
10159088,"DAVIT,LIFT,DBI,8000132,140KG,SHORT REACH",DBI SALA / 3M INDUSTRY,low,WSHH-I-100-G-MIGCC,50.6,Midgrab Chain Shortener,WSHH-I-130-G-MIGCC,50.6,Midgrab Chain Shortener,S1537121B,50.0,Transport Cages,WCOH-G-LH-Z101221,49.4,Midgrab Chain Shortener,WCOH-G-RH-Z101219,49.4,Midgrab Chain Shortener
10159152,"MONORAIL,SCAFFOLD HANGER,3M,500KG,YLW",SAFESPEAR PTY LTD,low,WG60-WOX-130,47.5,Chain - INOX Stainless Steel - Grade 60,WG60-WOX-050,45.6,Chain - INOX Stainless Steel - Grade 60,WG60-WOX-070,45.6,Chain - INOX Stainless Steel - Grade 60,WG60-WOX-100,45.6,Chain - INOX Stainless Steel - Grade 60,WG60-WOX-160,45.6,Chain - INOX Stainless Steel - Grade 60
10159154,"TROLLEY,PIPE,500KG,60MM,YLW",SAFESPEAR PTY LTD,low,WPT-1000-125-320-TGTP,47.6,Push Trolley - TP,WPT-1500-150-320-TGTP,47.6,Push Trolley - TP,WPT-0050-062-128-TG,46.9,Push Trolley - TP,WPT-0050-062-128-TGCR,46.9,Push Trolley - TP,WPT-0100-062-128-TG,46.9,Push Trolley - TP
10162453,"CAGE,LIFTING,1370X1305MM,STL,HDG,1.2T",CERTEX LIFTING PTY LTD,medium,S1505010,70.6,Lifting Frames,WTB-T-127-JJ-G-12INT,69.2,Turnbuckles,WMAL-040-R-IML,69.1,4mm MINI Range - ICE 120,S1504037,69.1,Steel Conveyor Lifting Beams,S1504038,69.1,Steel Conveyor Lifting Beams
10166683,"LIFTING RING,ACP-TURNADO,1IN,UNC,6.3T",RUD,medium,WRSC-270-M-JJ-P-G,74.7,Lifting & Rigging Components,WEN-0230-M20-VRM,72.1,VRM Starpoint Eye Nut - Metric Coarse Thread,WMAL-060-R-IAKRG4,70.3,,WRSL-120-M30-ST-BLP,67.5,Ball Bearing Lifting Points - BLP - Metric Thread,WMAL-130-R-IAKRG4,67.5,
